event_id,event_date,latitude,longitude,admin_division_name,rainfall24h,gpm_lat,gpm_lon,target,sample_type,elevation,slope,srtm_tile,soilMoisture
NEG_20110719_0143,2011-07-19,23.85000000000001,91.4499969482422,NER_BACKGROUND,19.170000076293945,23.85000000000001,91.4499969482422,0,BACKGROUND_NO_RECORDED_LANDSLIDE,42.0,5.134986131220104,N23E091,30.86899948120117
4403,2012-06-10,24.8142,93.5444,Manipur,20.634998321533203,24.85000000000001,93.5500030517578,1,RECORDED_LANDSLIDE,524.0,34.77802218832971,N24E093,36.21500015258789
1775,2010-04-21,27.8965,96.1779,Arunāchal Pradesh,77.68499755859375,27.85000000000001,96.1500015258789,1,RECORDED_LANDSLIDE,208.0,9.350473782917254,N27E096,30.11199951171875
NEG_20150802_0291,2015-08-02,21.875,90.125,NER_BACKGROUND,13.34000015258789,21.875,90.125,0,BACKGROUND_NO_RECORDED_LANDSLIDE,5.0,0.0,N21E090,43.45600128173828
NEG_20150524_0257,2015-05-24,23.750000000000004,92.9499969482422,NER_BACKGROUND,21.71499824523925,23.750000000000004,92.9499969482422,0,BACKGROUND_NO_RECORDED_LANDSLIDE,878.0,29.63943629033122,N23E092,36.40399932861328
NEG_20100729_0079,2010-07-29,27.55,90.05000305175781,NER_BACKGROUND,4.21999979019165,27.55,90.05000305175781,0,BACKGROUND_NO_RECORDED_LANDSLIDE,2355.0,35.2101656085033,N27E090,39.58300018310547
NEG_20131006_0226,2013-10-06,23.65000000000001,96.75,NER_BACKGROUND,0.0249999985098838,23.65000000000001,96.75,0,BACKGROUND_NO_RECORDED_LANDSLIDE,229.0,2.7410634035342527,N23E096,32.4119987487793
NEG_20150923_0319,2015-09-23,26.450000000000006,90.1500015258789,NER_BACKGROUND,10.835000991821287,26.450000000000006,90.1500015258789,0,BACKGROUND_NO_RECORDED_LANDSLIDE,48.0,1.0346531706931774,N26E090,34.34400177001953
NEG_20150801_0286,2015-08-01,28.15000000000001,91.5500030517578,NER_BACKGROUND,7.144999980926514,28.15000000000001,91.5500030517578,0,BACKGROUND_NO_RECORDED_LANDSLIDE,5694.0,19.35114220716917,N28E091,26.593000411987305
NEG_20100603_0061,2010-06-03,22.250000000000004,90.1500015258789,NER_BACKGROUND,17.25999641418457,22.250000000000004,90.1500015258789,0,BACKGROUND_NO_RECORDED_LANDSLIDE,6.0,1.3636616268613924,N22E090,29.46699905395508
9142,2016-06-14,26.3185,94.5247,Nagaland,6.754999160766602,26.35000000000001,94.5500030517578,1,RECORDED_LANDSLIDE,1167.0,1.387753790258008,N26E094,38.141998291015625
NEG_20090826_0043,2009-08-26,24.450000000000006,91.9499969482422,NER_BACKGROUND,24.470001220703125,24.450000000000006,91.9499969482422,0,BACKGROUND_NO_RECORDED_LANDSLIDE,26.0,6.31627898109129,N24E091,40.150001525878906
NEG_20090830_0045,2009-08-30,25.750000000000004,93.3499984741211,NER_BACKGROUND,15.799997329711914,25.750000000000004,93.3499984741211,0,BACKGROUND_NO_RECORDED_LANDSLIDE,237.0,5.211314549796946,N25E093,33.94599914550781
NEG_20101009_0119,2010-10-09,27.35000000000001,92.6500015258789,NER_BACKGROUND,0.0,27.35000000000001,92.6500015258789,0,BACKGROUND_NO_RECORDED_LANDSLIDE,2195.0,33.991253051718154,N27E092,33.529998779296875
3662,2011-06-28,25.03561729,94.0144205,Manipur,4.164999961853027,25.05,94.0500030517578,1,RECORDED_LANDSLIDE,866.0,27.282090548675143,N25E094,39.76900100708008
7409,2015-08-02,25.72,94.6219,Nagaland,8.475000381469727,25.750000000000004,94.6500015258789,1,RECORDED_LANDSLIDE,1717.0,46.91495762766459,N25E094,38.93299865722656
3663,2011-06-28,25.6682,94.1099,Nāgāland,6.800000190734863,25.65000000000001,94.1500015258789,1,RECORDED_LANDSLIDE,1435.0,12.471496205387888,N25E094,40.02999877929688
2205,2010-08-06,23.7365,92.7146,Mizoram,0.6449999213218689,23.750000000000004,92.75,1,RECORDED_LANDSLIDE,1024.0,35.93984192404095,N23E092,34.07400131225586
2253,2010-08-15,25.31006064,94.48265093,Manipur,21.369997024536133,25.35000000000001,94.4499969482422,1,RECORDED_LANDSLIDE,1535.0,30.18256697884878,N25E094,37.39899826049805
9338,2016-05-18,24.4638,92.4943,Assam,43.470001220703125,24.450000000000006,92.4499969482422,1,RECORDED_LANDSLIDE,97.0,12.933283004058028,N24E092,39.53300094604492
NEG_20100913_0101,2010-09-13,21.85000000000001,92.75,NER_BACKGROUND,18.23500061035156,21.85000000000001,92.75,0,BACKGROUND_NO_RECORDED_LANDSLIDE,214.0,7.942395466555503,N21E092,35.71699905395508
NEG_20120610_0165,2012-06-10,21.750000000000004,92.9499969482422,NER_BACKGROUND,2.119999885559082,21.750000000000004,92.9499969482422,0,BACKGROUND_NO_RECORDED_LANDSLIDE,81.0,11.485000492791263,N21E092,35.30699920654297
NEG_20100421_0055,2010-04-21,24.450000000000006,96.3499984741211,NER_BACKGROUND,0.0900000035762786,24.450000000000006,96.3499984741211,0,BACKGROUND_NO_RECORDED_LANDSLIDE,537.0,17.078131676396396,N24E096,33.47200012207031
4858,2013-05-11,26.1662,91.7138,Assam,23.36999893188477,26.15000000000001,91.75,1,RECORDED_LANDSLIDE,143.0,21.63720584577714,N26E091,34.88999938964844
NEG_20100706_0070,2010-07-06,21.950000000000006,89.05000305175781,NER_BACKGROUND,1.8599998950958248,21.950000000000006,89.05000305175781,0,BACKGROUND_NO_RECORDED_LANDSLIDE,2.0,1.3621030375752272,N21E089,40.64599990844727
7267,2015-07-22,25.3908,94.0926,Manipur,8.40999984741211,25.35000000000001,94.0500030517578,1,RECORDED_LANDSLIDE,1315.0,14.54418447986959,N25E094,41.87900161743164
2164,2010-07-29,25.3098633,94.48214677,Manipur,22.295000076293945,25.35000000000001,94.4499969482422,1,RECORDED_LANDSLIDE,1559.0,29.26304389553204,N25E094,43.39899826049805
NEG_20150811_0294,2015-08-11,23.950000000000006,90.1500015258789,NER_BACKGROUND,1.8349997997283936,23.950000000000006,90.1500015258789,0,BACKGROUND_NO_RECORDED_LANDSLIDE,8.0,2.9558268940164387,N23E090,32.20899963378906
NEG_20150822_0306,2015-08-22,25.750000000000004,96.5500030517578,NER_BACKGROUND,5.439999580383301,25.750000000000004,96.5500030517578,0,BACKGROUND_NO_RECORDED_LANDSLIDE,310.0,33.718213616135,N25E096,30.989999771118164
NEG_20150819_0301,2015-08-19,22.65000000000001,90.05000305175781,NER_BACKGROUND,16.104999542236328,22.65000000000001,90.05000305175781,0,BACKGROUND_NO_RECORDED_LANDSLIDE,4.0,2.9524724366472617,N22E090,35.16600036621094
8996,2016-07-14,26.1768,91.7702,Assam,10.789999961853027,26.15000000000001,91.75,1,RECORDED_LANDSLIDE,83.0,30.11204693140904,N26E091,34.20600128173828
NEG_20120919_0177,2012-09-19,29.15000000000001,92.4499969482422,NER_BACKGROUND,0.3549999892711639,29.15000000000001,92.4499969482422,0,BACKGROUND_NO_RECORDED_LANDSLIDE,4115.0,22.523996652657942,N29E092,30.976999282836918
3741,2011-07-07,25.4191,94.1079,Nāgāland,0.0,25.450000000000006,94.1500015258789,1,RECORDED_LANDSLIDE,1398.0,10.209837985587429,N25E094,37.21799850463867
2043,2010-07-06,26.7225,95.0281,Nāgāland,1.4900000095367432,26.750000000000004,95.0500030517578,1,RECORDED_LANDSLIDE,699.0,8.28618530638979,N26E095,38.16299819946289
8012,2015-09-06,25.9703,91.8584,Meghalaya,0.3999999761581421,25.950000000000006,91.8499984741211,1,RECORDED_LANDSLIDE,289.0,11.565823006032677,N25E091,30.30599975585937
NEG_20150801_0289,2015-08-01,28.35000000000001,94.4499969482422,NER_BACKGROUND,11.30500030517578,28.35000000000001,94.4499969482422,0,BACKGROUND_NO_RECORDED_LANDSLIDE,2111.0,30.80104761661057,N28E094,31.3700008392334
2576,2010-10-09,25.4788,94.1399,Nāgāland,0.0649999976158142,25.450000000000006,94.1500015258789,1,RECORDED_LANDSLIDE,1646.0,14.637633427177526,N25E094,39.87200164794922
NEG_20090820_0040,2009-08-20,27.450000000000006,96.5500030517578,NER_BACKGROUND,16.229999542236328,27.450000000000006,96.5500030517578,0,BACKGROUND_NO_RECORDED_LANDSLIDE,982.0,15.213437124189388,N27E096,39.9370002746582
NEG_20150616_0261,2015-06-16,23.450000000000006,89.94999694824219,NER_BACKGROUND,20.029998779296875,23.450000000000006,89.94999694824219,0,BACKGROUND_NO_RECORDED_LANDSLIDE,6.0,1.009751701869392,N23E089,41.42100143432617
NEG_20110531_0129,2011-05-31,27.85000000000001,96.5500030517578,NER_BACKGROUND,16.494998931884766,27.85000000000001,96.5500030517578,0,BACKGROUND_NO_RECORDED_LANDSLIDE,2147.0,43.07356251240445,N27E096,32.7599983215332
6285,2014-09-22,26.159,91.8178,Assam,161.239990234375,26.15000000000001,91.8499984741211,1,RECORDED_LANDSLIDE,63.0,6.774041654801501,N26E091,40.165000915527344
NEG_20100721_0076,2010-07-21,23.750000000000004,90.4499969482422,NER_BACKGROUND,5.22499942779541,23.750000000000004,90.4499969482422,0,BACKGROUND_NO_RECORDED_LANDSLIDE,7.0,3.1714513878895687,N23E090,33.9379997253418
NEG_20081029_0038,2008-10-29,28.250000000000004,91.5500030517578,NER_BACKGROUND,5.355000019073486,28.250000000000004,91.5500030517578,0,BACKGROUND_NO_RECORDED_LANDSLIDE,5067.0,11.970678582997046,N28E091,19.798999786376957
NEG_20150826_0307,2015-08-26,29.85000000000001,89.6500015258789,NER_BACKGROUND,0.9699999690055848,29.85000000000001,89.6500015258789,0,BACKGROUND_NO_RECORDED_LANDSLIDE,5432.0,2.974865398600087,N29E089,27.573999404907227
2166,2010-07-29,24.9786,93.5027,Assam,19.49999618530273,24.950000000000006,93.5500030517578,1,RECORDED_LANDSLIDE,1315.0,18.801212904229484,N24E093,43.446998596191406
NEG_20100731_0081,2010-07-31,28.65000000000001,93.6500015258789,NER_BACKGROUND,1.869999885559082,28.65000000000001,93.6500015258789,0,BACKGROUND_NO_RECORDED_LANDSLIDE,3863.0,28.101772837293225,N28E093,32.92300033569336
5107,2013-07-15,25.6269,94.1139,Nāgāland,3.014999866485596,25.65000000000001,94.1500015258789,1,RECORDED_LANDSLIDE,1571.0,13.286694596501158,N25E094,36.22800064086914
9168,2016-06-12,27.6438,93.871,Arunachal Pradesh,99.6999969482422,27.65000000000001,93.8499984741211,1,RECORDED_LANDSLIDE,1716.0,22.83439297298996,N27E093,29.00300025939941
NEG_20140626_0230,2014-06-26,23.85000000000001,92.1500015258789,NER_BACKGROUND,18.48500061035156,23.85000000000001,92.1500015258789,0,BACKGROUND_NO_RECORDED_LANDSLIDE,397.0,15.892245307381415,N23E092,34.83599853515625
NEG_20150819_0302,2015-08-19,21.125,92.125,NER_BACKGROUND,9.304999351501465,21.125,92.125,0,BACKGROUND_NO_RECORDED_LANDSLIDE,30.0,0.0,N21E092,33.97599792480469
NEG_20120625_0172,2012-06-25,27.85000000000001,97.1500015258789,NER_BACKGROUND,38.71500015258789,27.85000000000001,97.1500015258789,0,BACKGROUND_NO_RECORDED_LANDSLIDE,2339.0,39.888047393075695,N27E097,37.09299850463867
NEG_20140923_0248,2014-09-23,24.450000000000006,96.75,NER_BACKGROUND,12.729999542236328,24.450000000000006,96.75,0,BACKGROUND_NO_RECORDED_LANDSLIDE,164.0,4.463660961399102,N24E096,38.43299865722656
NEG_20130512_0187,2013-05-12,26.950000000000006,97.1500015258789,NER_BACKGROUND,4.569999694824219,26.950000000000006,97.1500015258789,0,BACKGROUND_NO_RECORDED_LANDSLIDE,1289.0,38.54021763418603,N26E097,28.02899932861328
NEG_20130717_0198,2013-07-17,22.65000000000001,93.4499969482422,NER_BACKGROUND,0.9749999642372132,22.65000000000001,93.4499969482422,0,BACKGROUND_NO_RECORDED_LANDSLIDE,1763.0,20.910834216618408,N22E093,37.63899993896485
NEG_20130608_0191,2013-06-08,21.35000000000001,97.3499984741211,NER_BACKGROUND,2.679999828338623,21.35000000000001,97.3499984741211,0,BACKGROUND_NO_RECORDED_LANDSLIDE,817.0,8.786436314080763,N21E097,30.952999114990234
NEG_20140628_0234,2014-06-28,27.35000000000001,92.3499984741211,NER_BACKGROUND,2.9049997329711914,27.35000000000001,92.3499984741211,0,BACKGROUND_NO_RECORDED_LANDSLIDE,1834.0,31.18064168997421,N27E092,29.87800025939941
NEG_20120603_0163,2012-06-03,27.85000000000001,91.25,NER_BACKGROUND,8.834999084472656,27.85000000000001,91.25,0,BACKGROUND_NO_RECORDED_LANDSLIDE,4759.0,20.027591722189825,N27E091,37.172000885009766
5441,2013-09-02,28.611,94.9829,Arunāchal Pradesh,64.85000610351562,28.65000000000001,94.9499969482422,1,RECORDED_LANDSLIDE,1668.0,32.48339327835614,N28E094,27.417999267578125
4377,2012-06-02,26.1475,91.7356,Assam,2.289999961853028,26.15000000000001,91.75,1,RECORDED_LANDSLIDE,54.0,0.0,N26E091,32.79499816894531
215,2007-08-28,25.7428,93.9136,Nāgāland,7.019999504089356,25.750000000000004,93.9499969482422,1,RECORDED_LANDSLIDE,466.0,20.935780187981493,N25E093,38.55199813842773
1986,2010-06-15,26.3335,94.5512,Nāgāland,30.499998092651367,26.35000000000001,94.5500030517578,1,RECORDED_LANDSLIDE,1378.0,7.704690069377325,N26E094,36.29800033569336
NEG_20070716_0002,2007-07-16,28.35000000000001,94.3499984741211,NER_BACKGROUND,8.585000991821289,28.35000000000001,94.3499984741211,0,BACKGROUND_NO_RECORDED_LANDSLIDE,3788.0,28.186532040103003,N28E094,32.82400131225586
6107,2014-06-26,26.1844,91.7896,Assam,42.61000061035156,26.15000000000001,91.75,1,RECORDED_LANDSLIDE,63.0,4.818259994255743,N26E091,33.180999755859375
NEG_20070911_0019,2007-09-11,29.85000000000001,89.1500015258789,NER_BACKGROUND,2.5299999713897705,29.85000000000001,89.1500015258789,0,BACKGROUND_NO_RECORDED_LANDSLIDE,4768.0,29.099605604576176,N29E089,29.64900016784668
6969,2015-06-16,25.5114,90.215,Meghalaya,30.834999084472656,25.55,90.25,1,RECORDED_LANDSLIDE,307.0,8.213794389737659,N25E090,32.54600143432617
2539,2010-10-03,28.3092,95.4149,Arunāchal Pradesh,0.1949999928474426,28.35000000000001,95.4499969482422,1,RECORDED_LANDSLIDE,1847.0,50.98081968480692,N28E095,27.9950008392334
NEG_20130804_0208,2013-08-04,30.35000000000001,97.75,NER_BACKGROUND,0.0,30.35000000000001,97.75,0,BACKGROUND_NO_RECORDED_LANDSLIDE,3867.0,41.67283207837748,N30E097,26.96299934387207
714,2008-08-14,27.163,94.0,Assam,21.26500129699707,27.15000000000001,93.9499969482422,1,RECORDED_LANDSLIDE,94.0,2.0816688582685057,N27E094,35.198001861572266
NEG_20160719_0339,2016-07-19,30.15000000000001,96.4499969482422,NER_BACKGROUND,1.7649998664855957,30.15000000000001,96.4499969482422,0,BACKGROUND_NO_RECORDED_LANDSLIDE,4012.0,33.88049754659425,N30E096,35.86800003051758
5273,2013-08-04,26.1807,94.5497,Nāgāland,45.6400032043457,26.15000000000001,94.5500030517578,1,RECORDED_LANDSLIDE,1657.0,31.57941543136354,N26E094,39.055999755859375
NEG_20160805_0348,2016-08-05,29.05,93.3499984741211,NER_BACKGROUND,2.445000171661377,29.05,93.3499984741211,0,BACKGROUND_NO_RECORDED_LANDSLIDE,3047.0,10.90590954366036,N29E093,34.12699890136719
NEG_20130804_0201,2013-08-04,26.65000000000001,93.0500030517578,NER_BACKGROUND,0.0,26.65000000000001,93.0500030517578,0,BACKGROUND_NO_RECORDED_LANDSLIDE,59.0,0.0,N26E093,31.599000930786133
3837,2011-07-24,26.5836,93.0038,Assam,7.304999828338623,26.55,93.0500030517578,1,RECORDED_LANDSLIDE,72.0,1.852254273911334,N26E093,32.02000045776367
NEG_20100815_0087,2010-08-15,23.65000000000001,89.94999694824219,NER_BACKGROUND,2.8500001430511475,23.65000000000001,89.94999694824219,0,BACKGROUND_NO_RECORDED_LANDSLIDE,1.0,0.0,N23E089,34.00699996948242
1776,2010-04-21,25.3612,92.2845,Meghālaya,47.614994049072266,25.35000000000001,92.25,1,RECORDED_LANDSLIDE,1227.0,3.586080799213583,N25E092,34.33100128173828
NEG_20120614_0168,2012-06-14,22.250000000000004,88.55000305175781,NER_BACKGROUND,0.0949999988079071,22.250000000000004,88.55000305175781,0,BACKGROUND_NO_RECORDED_LANDSLIDE,6.0,3.421223574909417,N22E088,24.81100082397461
NEG_20130712_0195,2013-07-12,27.250000000000004,97.1500015258789,NER_BACKGROUND,8.409998893737793,27.250000000000004,97.1500015258789,0,BACKGROUND_NO_RECORDED_LANDSLIDE,1311.0,40.05203725651913,N27E097,32.31399917602539
5300,2013-08-09,25.318,94.0441,Nāgāland,6.549999237060547,25.35000000000001,94.0500030517578,1,RECORDED_LANDSLIDE,998.0,6.125906246428548,N25E094,38.45500183105469
2140,2010-07-25,25.0477,92.801,Assam,15.38499927520752,25.05,92.8499984741211,1,RECORDED_LANDSLIDE,179.0,26.744232985272472,N25E092,40.71099853515625
130,2007-07-19,26.1699,91.7986,Assam,23.09999656677246,26.15000000000001,91.75,1,RECORDED_LANDSLIDE,147.0,1.386771132207247,N26E091,36.79100036621094
6143,2014-07-14,23.7327,92.7463,Mizoram,10.794999122619627,23.750000000000004,92.75,1,RECORDED_LANDSLIDE,846.0,23.47891185858705,N23E092,39.20100021362305
NEG_20070719_0003,2007-07-19,27.250000000000004,91.5500030517578,NER_BACKGROUND,30.6050033569336,27.250000000000004,91.5500030517578,0,BACKGROUND_NO_RECORDED_LANDSLIDE,2656.0,26.634578703217706,N27E091,31.833999633789062
NEG_20140626_0232,2014-06-26,22.35000000000001,89.8499984741211,NER_BACKGROUND,8.795000076293945,22.35000000000001,89.8499984741211,0,BACKGROUND_NO_RECORDED_LANDSLIDE,6.0,3.002346974857879,N22E089,42.35100173950195
NEG_20160728_0347,2016-07-28,25.05,96.9499969482422,NER_BACKGROUND,0.0049999998882412,25.05,96.9499969482422,0,BACKGROUND_NO_RECORDED_LANDSLIDE,167.0,3.579382463609759,N25E096,37.547000885009766
8222,2016-06-22,26.1961,91.7825,Assam,8.734999656677246,26.15000000000001,91.75,1,RECORDED_LANDSLIDE,124.0,12.523591942861296,N26E091,35.83100128173828
3881,2011-08-05,27.1034,93.6885,Arunāchal Pradesh,51.76000213623047,27.15000000000001,93.6500015258789,1,RECORDED_LANDSLIDE,146.0,2.2771438387407703,N27E093,44.468997955322266
2573,2010-10-09,25.1796,93.0083,Assam,0.1449999958276748,25.15000000000001,93.0500030517578,1,RECORDED_LANDSLIDE,693.0,6.536941433448177,N25E093,41.49800109863281
7589,2015-08-19,25.2568,92.3825,Meghalaya,219.6800079345703,25.250000000000004,92.3499984741211,1,RECORDED_LANDSLIDE,802.0,8.522642338386635,N25E092,36.37200164794922
5427,2013-08-15,25.3833,94.1884,Nāgāland,6.824999809265137,25.35000000000001,94.1500015258789,1,RECORDED_LANDSLIDE,1684.0,28.085541778829267,N25E094,37.74100112915039
NEG_20150811_0293,2015-08-11,23.65000000000001,92.0500030517578,NER_BACKGROUND,16.274999618530273,23.65000000000001,92.0500030517578,0,BACKGROUND_NO_RECORDED_LANDSLIDE,301.0,39.74092269530116,N23E092,34.8380012512207
2405,2010-09-09,28.3036,95.4112,Arunāchal Pradesh,27.92499732971192,28.35000000000001,95.4499969482422,1,RECORDED_LANDSLIDE,1819.0,39.11774685252796,N28E095,37.24599838256836
NEG_20150801_0278,2015-08-01,24.55,95.4499969482422,NER_BACKGROUND,4.864999771118164,24.55,95.4499969482422,0,BACKGROUND_NO_RECORDED_LANDSLIDE,572.0,18.19694661903899,N24E095,33.83300018310547
7389,2015-08-01,24.4072,94.0644,Manipur,8.145000457763672,24.450000000000006,94.0500030517578,1,RECORDED_LANDSLIDE,1173.0,30.25022032179324,N24E094,41.9739990234375
2281,2010-08-19,25.61560252,94.11603493,Nāgāland,16.639999389648438,25.65000000000001,94.1500015258789,1,RECORDED_LANDSLIDE,1614.0,29.53602090910925,N25E094,38.89500045776367
3738,2011-07-06,24.8063,93.9482,Manipur,3.904999732971192,24.85000000000001,93.9499969482422,1,RECORDED_LANDSLIDE,784.0,1.3781307546716215,N24E093,36.69499969482422
NEG_20110716_0140,2011-07-16,22.55,95.0500030517578,NER_BACKGROUND,7.739998817443848,22.55,95.0500030517578,0,BACKGROUND_NO_RECORDED_LANDSLIDE,140.0,3.1456466606294704,N22E095,39.13399887084961
1934,2010-06-03,24.6005,92.3814,Assam,36.665000915527344,24.65000000000001,92.3499984741211,1,RECORDED_LANDSLIDE,89.0,17.429220646877386,N24E092,42.59299850463867
3983,2011-09-23,26.1548,91.7351,Assam,20.71500015258789,26.15000000000001,91.75,1,RECORDED_LANDSLIDE,57.0,1.852254273911334,N26E091,36.71599960327149
692,2008-08-07,25.705,94.04,Nāgāland,8.919999122619629,25.750000000000004,94.0500030517578,1,RECORDED_LANDSLIDE,1040.0,16.860785495741176,N25E094,39.96099853515625
2045,2010-07-06,26.2363,94.8133,Nāgāland,3.989999771118164,26.250000000000004,94.8499984741211,1,RECORDED_LANDSLIDE,1563.0,14.352001947229548,N26E094,38.665000915527344
4552,2012-09-14,27.0377,88.3603,Sikkim,13.885000228881836,27.05,88.3499984741211,1,RECORDED_LANDSLIDE,1484.0,21.17647711915332,N27E088,25.25900077819824
NEG_20130907_0222,2013-09-07,25.950000000000006,90.05000305175781,NER_BACKGROUND,0.4699999690055847,25.950000000000006,90.05000305175781,0,BACKGROUND_NO_RECORDED_LANDSLIDE,34.0,1.3853320397381608,N25E090,34.391998291015625
1129,2009-08-30,24.8628,94.4182,Manipur,2.509999990463257,24.85000000000001,94.4499969482422,1,RECORDED_LANDSLIDE,915.0,36.03357894696324,N24E094,41.16299819946289
9251,2016-07-28,25.8702,94.7844,Nagaland,17.84999656677246,25.85000000000001,94.75,1,RECORDED_LANDSLIDE,1148.0,7.675353195263384,N25E094,37.4630012512207
2044,2010-07-06,25.8877,94.7861,Nāgāland,2.9749999046325684,25.85000000000001,94.75,1,RECORDED_LANDSLIDE,1171.0,7.440685346262844,N25E094,38.91600036621094
7372,2015-07-31,25.0634,94.3415,Manipur,56.275001525878906,25.05,94.3499984741211,1,RECORDED_LANDSLIDE,1767.0,27.55044535407617,N25E094,40.30400085449219
7664,2015-08-11,24.7459,93.4251,Manipur,1.2599999904632568,24.750000000000004,93.4499969482422,1,RECORDED_LANDSLIDE,767.0,5.048548813150623,N24E093,38.38100051879883
5312,2013-08-11,26.7103,94.693,Assam,98.27001953125,26.750000000000004,94.6500015258789,1,RECORDED_LANDSLIDE,690.0,12.53647418327811,N26E094,38.29600143432617
NEG_20100607_0062,2010-06-07,24.15000000000001,90.05000305175781,NER_BACKGROUND,12.505001068115234,24.15000000000001,90.05000305175781,0,BACKGROUND_NO_RECORDED_LANDSLIDE,11.0,1.852254273911334,N24E090,34.97999954223633
9405,2016-04-19,26.7223,95.0243,Nagaland,23.02499771118164,26.750000000000004,95.0500030517578,1,RECORDED_LANDSLIDE,700.0,15.584319140976891,N26E095,37.95199966430664
NEG_20110725_0147,2011-07-25,22.375,90.625,NER_BACKGROUND,1.7099997997283936,22.375,90.625,0,BACKGROUND_NO_RECORDED_LANDSLIDE,7.0,0.0,N22E090,32.90999984741211
5336,2013-08-16,26.3897,94.9439,Nāgāland,46.869998931884766,26.35000000000001,94.9499969482422,1,RECORDED_LANDSLIDE,525.0,5.15715117338214,N26E094,39.448001861572266
7031,2015-05-24,27.6163,88.6586,Sikkim,0.8200000524520874,27.65000000000001,88.6500015258789,1,RECORDED_LANDSLIDE,1845.0,31.364113895216203,N27E088,25.538000106811523
NEG_20100827_0095,2010-08-27,22.05,95.0500030517578,NER_BACKGROUND,0.6049999594688416,22.05,95.0500030517578,0,BACKGROUND_NO_RECORDED_LANDSLIDE,125.0,3.700645055238003,N22E095,36.64500045776367
1994,2010-06-16,25.0633,92.8025,Assam,28.32000160217285,25.05,92.8499984741211,1,RECORDED_LANDSLIDE,99.0,20.03237253917104,N25E092,37.84999847412109
NEG_20090917_0046,2009-09-17,22.375,88.125,NER_BACKGROUND,0.0,22.375,88.125,0,BACKGROUND_NO_RECORDED_LANDSLIDE,5.0,0.0,N22E088,40.42100143432617
1613,2010-04-02,27.8997,93.3497,Arunāchal Pradesh,3.2199997901916504,27.85000000000001,93.3499984741211,1,RECORDED_LANDSLIDE,869.0,6.540767028653907,N27E093,24.51499938964844
NEG_20160701_0331,2016-07-01,21.625,92.125,NER_BACKGROUND,28.68499755859375,21.625,92.125,0,BACKGROUND_NO_RECORDED_LANDSLIDE,34.0,0.0,N21E092,29.288000106811523
3672,2011-06-29,25.5125,93.3613,Assam,6.985000133514404,25.55,93.3499984741211,1,RECORDED_LANDSLIDE,318.0,8.604664913794034,N25E093,29.52300071716309
1109,2009-08-20,25.5215,93.1645,Assam,14.96999740600586,25.55,93.1500015258789,1,RECORDED_LANDSLIDE,282.0,3.2128253404789087,N25E093,28.57099914550781
NEG_20100719_0074,2010-07-19,24.65000000000001,94.25,NER_BACKGROUND,9.715001106262209,24.65000000000001,94.25,0,BACKGROUND_NO_RECORDED_LANDSLIDE,919.0,25.374405043341945,N24E094,38.81499862670898
5250,2013-08-01,27.8837,93.0515,Arunachal Pradesh,17.52500343322754,27.85000000000001,93.0500030517578,1,RECORDED_LANDSLIDE,1586.0,44.95634585071402,N27E093,33.2869987487793
148,2007-07-30,22.479,92.967,Mizoram,3.5199999809265137,22.450000000000006,92.9499969482422,1,RECORDED_LANDSLIDE,447.0,19.352435158845225,N22E092,39.17599868774414
2421,2010-09-13,23.75406693,92.74128531,Mizoram,37.53999328613281,23.750000000000004,92.75,1,RECORDED_LANDSLIDE,969.0,22.717560039379222,N23E092,36.69900131225586
8901,2016-07-10,25.7902,94.1318,Nagaland,1.5299999713897705,25.750000000000004,94.1500015258789,1,RECORDED_LANDSLIDE,1288.0,12.456195843516292,N25E094,38.53900146484375
6015,2014-05-08,27.9032,96.174,Arunachal Pradesh,63.01500701904297,27.950000000000006,96.1500015258789,1,RECORDED_LANDSLIDE,209.0,0.926369172997235,N27E096,27.79700088500977
7706,2015-08-19,25.0728,92.3636,Meghalaya,193.300048828125,25.05,92.3499984741211,1,RECORDED_LANDSLIDE,133.0,10.024134913751013,N25E092,44.040000915527344
NEG_20110923_0156,2011-09-23,25.35000000000001,90.3499984741211,NER_BACKGROUND,26.63999557495117,25.35000000000001,90.3499984741211,0,BACKGROUND_NO_RECORDED_LANDSLIDE,103.0,7.649791941855328,N25E090,36.26900100708008
NEG_20140626_0231,2014-06-26,26.15000000000001,90.3499984741211,NER_BACKGROUND,16.360002517700195,26.15000000000001,90.3499984741211,0,BACKGROUND_NO_RECORDED_LANDSLIDE,35.0,2.9621510496457546,N26E090,32.76100158691406
NEG_20080807_0031,2008-08-07,29.15000000000001,94.0500030517578,NER_BACKGROUND,0.574999988079071,29.15000000000001,94.0500030517578,0,BACKGROUND_NO_RECORDED_LANDSLIDE,4258.0,24.90904213409894,N29E094,29.19499969482422
NEG_20130809_0209,2013-08-09,28.450000000000006,92.6500015258789,NER_BACKGROUND,0.3049999475479126,28.450000000000006,92.6500015258789,0,BACKGROUND_NO_RECORDED_LANDSLIDE,4865.0,31.59543905757001,N28E092,31.166000366210938
NEG_20110531_0128,2011-05-31,28.35000000000001,92.75,NER_BACKGROUND,2.46500015258789,28.35000000000001,92.75,0,BACKGROUND_NO_RECORDED_LANDSLIDE,3782.0,37.04693292113397,N28E092,25.36999893188477
NEG_20150722_0267,2015-07-22,30.450000000000006,90.5500030517578,NER_BACKGROUND,0.0,30.450000000000006,90.5500030517578,0,BACKGROUND_NO_RECORDED_LANDSLIDE,5300.0,32.60875662857744,N30E090,22.63999938964844
1108,2009-08-20,24.9925,93.5,Assam,2.5400002002716064,24.950000000000006,93.4499969482422,1,RECORDED_LANDSLIDE,1223.0,11.982789615605451,N24E093,36.32799911499024
2437,2010-09-16,23.7527,92.694,Mizoram,44.2349967956543,23.750000000000004,92.6500015258789,1,RECORDED_LANDSLIDE,795.0,30.34177918841917,N23E092,33.74399948120117
6222,2014-10-01,27.1249,93.7706,Arunachal Pradesh,0.0,27.15000000000001,93.75,1,RECORDED_LANDSLIDE,158.0,30.203926293037487,N27E093,29.48900032043457
1857,2010-05-11,25.3433,92.2897,Meghālaya,27.58500289916992,25.35000000000001,92.25,1,RECORDED_LANDSLIDE,1205.0,1.0249975202040136,N25E092,33.93299865722656
7933,2015-09-01,26.1868,91.6739,Assam,19.59000015258789,26.15000000000001,91.6500015258789,1,RECORDED_LANDSLIDE,51.0,2.962264172036869,N26E091,36.83200073242188
NEG_20120613_0167,2012-06-13,25.250000000000004,93.1500015258789,NER_BACKGROUND,2.0799999237060547,25.250000000000004,93.1500015258789,0,BACKGROUND_NO_RECORDED_LANDSLIDE,475.0,6.12249908570025,N25E093,38.73799896240234
322,2007-10-21,24.75,93.4333,Assam,0.0350000001490116,24.750000000000004,93.4499969482422,1,RECORDED_LANDSLIDE,470.0,22.45952250962254,N24E093,36.867000579833984
5006,2013-07-01,26.1147,94.3864,Nāgāland,2.775000095367432,26.15000000000001,94.3499984741211,1,RECORDED_LANDSLIDE,355.0,5.226876247386835,N26E094,38.698001861572266
4407,2012-06-13,25.0951,92.3567,Assam,27.439998626708984,25.05,92.3499984741211,1,RECORDED_LANDSLIDE,236.0,23.072954772058488,N25E092,39.93299865722656
NEG_20130701_0193,2013-07-01,22.750000000000004,94.9499969482422,NER_BACKGROUND,0.1400000005960464,22.750000000000004,94.9499969482422,0,BACKGROUND_NO_RECORDED_LANDSLIDE,181.0,0.0,N22E094,34.08300018310547
7374,2015-08-01,25.1122,94.3591,Manipur,3.014999866485596,25.15000000000001,94.3499984741211,1,RECORDED_LANDSLIDE,1853.0,17.243893132265686,N25E094,40.71500015258789
NEG_20070828_0011,2007-08-28,28.250000000000004,92.25,NER_BACKGROUND,6.529999732971191,28.250000000000004,92.25,0,BACKGROUND_NO_RECORDED_LANDSLIDE,4839.0,21.565226992021056,N28E092,33.60200119018555
2566,2010-10-08,25.4769,94.1351,Nāgāland,77.48999786376953,25.450000000000006,94.1500015258789,1,RECORDED_LANDSLIDE,1678.0,19.73007978274894,N25E094,44.81700134277344
2243,2010-08-13,25.70223725,94.04619681,Nāgāland,5.624999523162842,25.750000000000004,94.0500030517578,1,RECORDED_LANDSLIDE,1018.0,9.356034364378676,N25E094,40.10599899291992
1756,2010-04-17,27.322,88.6087,Sikkim,9.739999771118164,27.35000000000001,88.6500015258789,1,RECORDED_LANDSLIDE,1510.0,32.9637078729091,N27E088,25.06100082397461
NEG_20100814_0086,2010-08-14,28.450000000000006,90.75,NER_BACKGROUND,0.3799999952316284,28.450000000000006,90.75,0,BACKGROUND_NO_RECORDED_LANDSLIDE,5192.0,10.420583546850803,N28E090,28.06800079345703
NEG_20150906_0315,2015-09-06,28.05,91.3499984741211,NER_BACKGROUND,0.4300000071525574,28.05,91.3499984741211,0,BACKGROUND_NO_RECORDED_LANDSLIDE,5231.0,49.4264327203518,N28E091,32.097999572753906
NEG_20100913_0107,2010-09-13,26.450000000000006,90.75,NER_BACKGROUND,0.8899999856948853,26.450000000000006,90.75,0,BACKGROUND_NO_RECORDED_LANDSLIDE,50.0,2.121287900624275,N26E090,34.62900161743164
NEG_20110621_0131,2011-06-21,27.85000000000001,90.5500030517578,NER_BACKGROUND,1.7699999809265137,27.85000000000001,90.5500030517578,0,BACKGROUND_NO_RECORDED_LANDSLIDE,4780.0,16.871876584457883,N27E090,25.319000244140625
6971,2015-06-09,27.0987,93.816,Arunachal Pradesh,19.89999961853028,27.05,93.8499984741211,1,RECORDED_LANDSLIDE,213.0,14.236549622926058,N27E093,33.21900177001953
6292,2014-09-23,25.7238,89.9032,Assam,10.984999656677246,25.750000000000004,89.94999694824219,1,RECORDED_LANDSLIDE,34.0,14.316083944889312,N25E089,37.21699905395508
NEG_20150801_0285,2015-08-01,24.65000000000001,91.5500030517578,NER_BACKGROUND,27.5049991607666,24.65000000000001,91.5500030517578,0,BACKGROUND_NO_RECORDED_LANDSLIDE,13.0,5.533338149055991,N24E091,31.75200080871582
259,2007-09-11,25.52,91.27,Meghālaya,0.4650000035762787,25.55,91.25,1,RECORDED_LANDSLIDE,1348.0,10.988566845299832,N25E091,32.327999114990234
NEG_20120620_0169,2012-06-20,25.35000000000001,88.75,NER_BACKGROUND,1.1050000190734863,25.35000000000001,88.75,0,BACKGROUND_NO_RECORDED_LANDSLIDE,28.0,3.83922887551942,N25E088,30.78300094604492
8995,2016-07-14,26.1963,91.8074,Assam,5.364999771118164,26.15000000000001,91.8499984741211,1,RECORDED_LANDSLIDE,173.0,12.858314085836204,N26E091,34.20600128173828
NEG_20161015_0350,2016-10-15,22.625,91.125,NER_BACKGROUND,0.0,22.625,91.125,0,BACKGROUND_NO_RECORDED_LANDSLIDE,4.0,0.0,N22E091,33.55099868774414
5575,2013-10-05,25.8266,94.1497,Nāgāland,37.68499755859375,25.85000000000001,94.1500015258789,1,RECORDED_LANDSLIDE,1398.0,29.25896401491808,N25E094,40.72800064086914
1954,2010-06-07,24.7543,93.5039,Manipur,54.02999496459961,24.750000000000004,93.5500030517578,1,RECORDED_LANDSLIDE,407.0,16.099431076325118,N24E093,44.99599838256836
NEG_20110707_0137,2011-07-07,27.65000000000001,90.9499969482422,NER_BACKGROUND,2.490000009536743,27.65000000000001,90.9499969482422,0,BACKGROUND_NO_RECORDED_LANDSLIDE,4008.0,9.747140339863824,N27E090,27.49099922180176
NEG_20080814_0032,2008-08-14,28.85000000000001,95.0500030517578,NER_BACKGROUND,9.39499855041504,28.85000000000001,95.0500030517578,0,BACKGROUND_NO_RECORDED_LANDSLIDE,1771.0,27.37315361652538,N28E095,34.1870002746582
594,2008-06-19,24.9336,93.8275,Manipur,3.3499999046325684,24.950000000000006,93.8499984741211,1,RECORDED_LANDSLIDE,1033.0,16.02045964527659,N24E093,36.95600128173828
5421,2013-08-30,26.4205,94.9731,Nāgāland,0.3700000047683716,26.450000000000006,94.9499969482422,1,RECORDED_LANDSLIDE,692.0,25.176293155000685,N26E094,37.37900161743164
NEG_20070908_0013,2007-09-08,28.450000000000006,95.8499984741211,NER_BACKGROUND,26.549999237060547,28.450000000000006,95.8499984741211,0,BACKGROUND_NO_RECORDED_LANDSLIDE,892.0,22.17041420618884,N28E095,33.768001556396484
NEG_20070918_0021,2007-09-18,24.85000000000001,88.6500015258789,NER_BACKGROUND,14.6899995803833,24.85000000000001,88.6500015258789,0,BACKGROUND_NO_RECORDED_LANDSLIDE,16.0,2.114610399654752,N24E088,35.88600158691406
8930,2016-07-11,26.1699,94.4922,Nagaland,22.94499969482422,26.15000000000001,94.4499969482422,1,RECORDED_LANDSLIDE,1161.0,42.54038516410769,N26E094,39.78900146484375
NEG_20110805_0149,2011-08-05,22.15000000000001,89.55000305175781,NER_BACKGROUND,20.780000686645508,22.15000000000001,89.55000305175781,0,BACKGROUND_NO_RECORDED_LANDSLIDE,9.0,2.7771727466475022,N22E089,41.15499877929688
NEG_20150801_0279,2015-08-01,30.05,89.25,NER_BACKGROUND,1.5099997520446775,30.05,89.25,0,BACKGROUND_NO_RECORDED_LANDSLIDE,5513.0,31.04925184362069,N30E089,18.42200088500977
NEG_20130627_0192,2013-06-27,22.65000000000001,97.6500015258789,NER_BACKGROUND,1.0449999570846558,22.65000000000001,97.6500015258789,0,BACKGROUND_NO_RECORDED_LANDSLIDE,666.0,13.678079330344058,N22E097,32.529998779296875
NEG_20130804_0207,2013-08-04,23.85000000000001,90.05000305175781,NER_BACKGROUND,0.2699999809265136,23.85000000000001,90.05000305175781,0,BACKGROUND_NO_RECORDED_LANDSLIDE,10.0,1.0128429322088843,N23E090,34.277000427246094
4570,2012-09-19,27.8458,95.2253,Arunāchal Pradesh,8.819999694824219,27.85000000000001,95.25,1,RECORDED_LANDSLIDE,133.0,0.926369172997235,N27E095,36.77899932861328
6513,2014-08-14,23.0137,91.7174,Tripura,75.77999877929688,23.05,91.75,1,RECORDED_LANDSLIDE,29.0,4.124319018386397,N23E091,36.84999847412109
8900,2016-07-07,25.0118,94.3136,Manipur,1.8249998092651367,25.05,94.3499984741211,1,RECORDED_LANDSLIDE,1396.0,3.200508507855546,N25E094,39.41999816894531
NEG_20070910_0017,2007-09-10,25.250000000000004,96.3499984741211,NER_BACKGROUND,21.26999855041504,25.250000000000004,96.3499984741211,0,BACKGROUND_NO_RECORDED_LANDSLIDE,172.0,2.0477641200316627,N25E096,33.19300079345703
NEG_20120603_0161,2012-06-03,23.450000000000006,93.8499984741211,NER_BACKGROUND,4.470000267028809,23.450000000000006,93.8499984741211,0,BACKGROUND_NO_RECORDED_LANDSLIDE,698.0,32.88654783016612,N23E093,37.76900100708008
5337,2013-08-16,26.4205,94.9731,Nāgāland,64.27999877929688,26.450000000000006,94.9499969482422,1,RECORDED_LANDSLIDE,692.0,25.176293155000685,N26E094,39.448001861572266
7385,2015-08-01,24.004,93.9815,Manipur,7.609999656677246,24.05,93.9499969482422,1,RECORDED_LANDSLIDE,1464.0,34.51751463643877,N24E093,41.999000549316406
4848,2013-05-08,24.0896,91.4663,Tripura,62.99500274658203,24.05,91.4499969482422,1,RECORDED_LANDSLIDE,110.0,7.483527022769612,N24E091,33.095001220703125
NEG_20150826_0308,2015-08-26,27.65000000000001,90.3499984741211,NER_BACKGROUND,6.274999618530273,27.65000000000001,90.3499984741211,0,BACKGROUND_NO_RECORDED_LANDSLIDE,4089.0,7.587268927409871,N27E090,32.08399963378906
4394,2012-06-07,27.1748,88.6458,Sikkim,5.529999732971191,27.15000000000001,88.6500015258789,1,RECORDED_LANDSLIDE,947.0,16.7960962530793,N27E088,22.79199981689453
7910,2015-08-01,24.3481,94.1146,Manipur,4.87999963760376,24.35000000000001,94.1500015258789,1,RECORDED_LANDSLIDE,1009.0,6.350384387505837,N24E094,41.9739990234375
NEG_20150707_0265,2015-07-07,22.625,91.625,NER_BACKGROUND,48.15999984741211,22.625,91.625,0,BACKGROUND_NO_RECORDED_LANDSLIDE,7.0,0.0,N22E091,38.233001708984375
NEG_20100821_0093,2010-08-21,23.35000000000001,90.05000305175781,NER_BACKGROUND,1.5400002002716064,23.35000000000001,90.05000305175781,0,BACKGROUND_NO_RECORDED_LANDSLIDE,8.0,2.017353595989253,N23E090,40.61199951171875
9619,2016-10-15,27.1695,88.3664,Sikkim,0.0,27.15000000000001,88.3499984741211,1,RECORDED_LANDSLIDE,1586.0,23.603277744846192,N27E088,26.82900047302246
NEG_20070730_0007,2007-07-30,21.85000000000001,89.1500015258789,NER_BACKGROUND,2.690000057220459,21.85000000000001,89.1500015258789,0,BACKGROUND_NO_RECORDED_LANDSLIDE,8.0,0.926369172997235,N21E089,42.67300033569336
NEG_20160622_0330,2016-06-22,25.750000000000004,89.75,NER_BACKGROUND,17.225000381469727,25.750000000000004,89.75,0,BACKGROUND_NO_RECORDED_LANDSLIDE,20.0,0.0,N25E089,37.90800094604492
2423,2010-09-13,23.73504471,92.71060943,Mizoram,37.53999328613281,23.750000000000004,92.75,1,RECORDED_LANDSLIDE,950.0,30.27625293414386,N23E092,37.297000885009766
2568,2010-10-08,24.7679,93.4108,Assam,96.27499389648438,24.750000000000004,93.4499969482422,1,RECORDED_LANDSLIDE,512.0,24.05432434868892,N24E093,43.62300109863281
NEG_20150801_0280,2015-08-01,27.35000000000001,91.8499984741211,NER_BACKGROUND,7.944999217987059,27.35000000000001,91.8499984741211,0,BACKGROUND_NO_RECORDED_LANDSLIDE,3033.0,39.81015571391337,N27E091,28.121999740600582
7699,2015-08-19,26.0214,94.5224,Nagaland,12.255001068115234,26.05,94.5500030517578,1,RECORDED_LANDSLIDE,1628.0,30.342707714734605,N26E094,36.61499786376953
7214,2015-07-15,27.36,93.0385,Arunachal Pradesh,30.259998321533203,27.35000000000001,93.0500030517578,1,RECORDED_LANDSLIDE,406.0,6.4993257467495305,N27E093,35.90900039672852
2304,2010-08-21,25.5718,94.1211,Nāgāland,7.179999351501465,25.55,94.1500015258789,1,RECORDED_LANDSLIDE,1627.0,11.162178370173905,N25E094,38.86800003051758
212,2007-08-26,25.5576,91.8506,Meghālaya,17.51500129699707,25.55,91.8499984741211,1,RECORDED_LANDSLIDE,1686.0,4.807840935153697,N25E091,32.72200012207031
2283,2010-08-19,24.8961,93.4957,Manipur,13.149999618530272,24.85000000000001,93.4499969482422,1,RECORDED_LANDSLIDE,1064.0,39.91619716692816,N24E093,38.34799957275391
NEG_20130507_0181,2013-05-07,27.85000000000001,92.8499984741211,NER_BACKGROUND,5.789999485015869,27.85000000000001,92.8499984741211,0,BACKGROUND_NO_RECORDED_LANDSLIDE,3498.0,34.23758595734742,N27E092,30.06399917602539
NEG_20130511_0184,2013-05-11,23.950000000000006,91.4499969482422,NER_BACKGROUND,2.6599998474121094,23.950000000000006,91.4499969482422,0,BACKGROUND_NO_RECORDED_LANDSLIDE,75.0,5.043448679122359,N23E091,32.395999908447266
NEG_20130901_0217,2013-09-01,26.15000000000001,93.3499984741211,NER_BACKGROUND,1.959999918937683,26.15000000000001,93.3499984741211,0,BACKGROUND_NO_RECORDED_LANDSLIDE,650.0,24.835380051773708,N26E093,33.6609992980957
NEG_20141001_0251,2014-10-01,28.65000000000001,96.75,NER_BACKGROUND,0.0,28.65000000000001,96.75,0,BACKGROUND_NO_RECORDED_LANDSLIDE,3780.0,25.213303243803573,N28E096,28.28199958801269
NEG_20160725_0343,2016-07-25,29.85000000000001,94.75,NER_BACKGROUND,1.1450001001358032,29.85000000000001,94.75,0,BACKGROUND_NO_RECORDED_LANDSLIDE,3331.0,21.757364346085712,N29E094,32.446998596191406
5338,2013-08-16,26.8727,94.9275,Assam,61.63499450683594,26.85000000000001,94.9499969482422,1,RECORDED_LANDSLIDE,134.0,2.273255293928232,N26E094,38.0880012512207
3794,2011-07-17,26.99195749,88.42280921,Sikkim,16.205001831054688,26.950000000000006,88.44999694824219,1,RECORDED_LANDSLIDE,272.0,25.893203347040103,N26E088,38.573001861572266
587,2008-06-15,27.2298,94.0989,Assam,3.09000015258789,27.250000000000004,94.0500030517578,1,RECORDED_LANDSLIDE,95.0,2.1247789427521147,N27E094,33.849998474121094
1127,2009-08-27,25.1718,93.123,Assam,3.4649996757507324,25.15000000000001,93.1500015258789,1,RECORDED_LANDSLIDE,721.0,13.239755820989553,N25E093,41.15700149536133
1125,2009-08-26,27.3746,88.7648,Sikkim,5.550000190734863,27.35000000000001,88.75,1,RECORDED_LANDSLIDE,3748.0,6.500107243904632,N27E088,31.24099922180176
2098,2010-07-19,26.7215,95.0283,Nāgāland,23.855005264282227,26.750000000000004,95.0500030517578,1,RECORDED_LANDSLIDE,724.0,13.369645277910749,N26E095,39.28900146484375
4411,2012-06-14,27.339,88.6065,Sikkim,7.049999713897705,27.35000000000001,88.6500015258789,1,RECORDED_LANDSLIDE,1504.0,16.261579422291064,N27E088,22.43000030517578
NEG_20150722_0270,2015-07-22,22.450000000000006,90.05000305175781,NER_BACKGROUND,30.98499870300293,22.450000000000006,90.05000305175781,0,BACKGROUND_NO_RECORDED_LANDSLIDE,7.0,0.0,N22E090,35.9379997253418
NEG_20150619_0263,2015-06-19,29.85000000000001,97.75,NER_BACKGROUND,0.0099999997764825,29.85000000000001,97.75,0,BACKGROUND_NO_RECORDED_LANDSLIDE,4551.0,28.84802053534587,N29E097,24.71699905395508
1996,2010-06-17,26.4333,94.8833,Nāgāland,26.880002975463867,26.450000000000006,94.8499984741211,1,RECORDED_LANDSLIDE,556.0,27.021028298552192,N26E094,39.858001708984375
220,2007-08-31,25.1333,93.9667,Manipur,2.515000343322754,25.15000000000001,93.9499969482422,1,RECORDED_LANDSLIDE,1012.0,2.115746804158197,N25E093,38.845001220703125
NEG_20130511_0186,2013-05-11,26.950000000000006,97.75,NER_BACKGROUND,0.0850000008940696,26.950000000000006,97.75,0,BACKGROUND_NO_RECORDED_LANDSLIDE,514.0,13.055539758628033,N26E097,25.816999435424805
NEG_20130902_0220,2013-09-02,30.05,94.4499969482422,NER_BACKGROUND,14.704998016357422,30.05,94.4499969482422,0,BACKGROUND_NO_RECORDED_LANDSLIDE,4315.0,25.16973052085137,N30E094,32.72800064086914
4757,2013-02-18,28.1193,95.1645,Arunāchal Pradesh,8.180000305175781,28.15000000000001,95.1500015258789,1,RECORDED_LANDSLIDE,777.0,38.50868136980543,N28E095,21.20800018310547
NEG_20160707_0333,2016-07-07,26.750000000000004,88.94999694824219,NER_BACKGROUND,1.704999923706055,26.750000000000004,88.94999694824219,0,BACKGROUND_NO_RECORDED_LANDSLIDE,110.0,1.3906542686811854,N26E088,28.88400077819824
NEG_20070831_0012,2007-08-31,27.85000000000001,90.9499969482422,NER_BACKGROUND,0.0,27.85000000000001,90.9499969482422,0,BACKGROUND_NO_RECORDED_LANDSLIDE,3777.0,27.468803935489728,N27E090,30.143999099731445
6290,2014-09-23,25.5772,91.8666,Meghalaya,25.894996643066406,25.55,91.8499984741211,1,RECORDED_LANDSLIDE,1479.0,11.687392758994248,N25E091,36.917999267578125
7660,2015-08-12,25.6237,94.1136,Nagaland,4.460000038146973,25.65000000000001,94.1500015258789,1,RECORDED_LANDSLIDE,1607.0,33.42494578296137,N25E094,38.56499862670898
NEG_20100720_0075,2010-07-20,29.55,91.6500015258789,NER_BACKGROUND,7.430000305175781,29.55,91.6500015258789,0,BACKGROUND_NO_RECORDED_LANDSLIDE,5157.0,2.3214437905165184,N29E091,30.093000411987305
4610,2012-11-11,23.7705,92.5217,Mizoram,0.0,23.750000000000004,92.5500030517578,1,RECORDED_LANDSLIDE,78.0,9.728201491806368,N23E092,26.600000381469727
NEG_20140817_0237,2014-08-17,23.65000000000001,93.75,NER_BACKGROUND,2.049999952316284,23.65000000000001,93.75,0,BACKGROUND_NO_RECORDED_LANDSLIDE,1055.0,31.77610629736992,N23E093,40.08000183105469
NEG_20100910_0099,2010-09-10,21.750000000000004,92.8499984741211,NER_BACKGROUND,1.2149999141693115,21.750000000000004,92.8499984741211,0,BACKGROUND_NO_RECORDED_LANDSLIDE,221.0,26.03653757734272,N21E092,30.11400032043457
2249,2010-08-14,26.0814,94.803,Nāgāland,40.619998931884766,26.05,94.8499984741211,1,RECORDED_LANDSLIDE,949.0,36.44619065843627,N26E094,38.9119987487793
5429,2013-09-01,27.3425,88.2426,Sikkim,22.07000160217285,27.35000000000001,88.25,1,RECORDED_LANDSLIDE,1388.0,28.36437685557471,N27E088,29.229999542236328
NEG_20160719_0340,2016-07-19,21.05,94.0500030517578,NER_BACKGROUND,3.049999713897705,21.05,94.0500030517578,0,BACKGROUND_NO_RECORDED_LANDSLIDE,820.0,24.469821629062924,N21E094,27.400999069213867
NEG_20110628_0133,2011-06-28,29.55,94.5500030517578,NER_BACKGROUND,2.5349998474121094,29.55,94.5500030517578,0,BACKGROUND_NO_RECORDED_LANDSLIDE,3751.0,36.81617742406302,N29E094,30.167999267578125
9186,2016-07-25,25.48,94.1383,Manipur,36.47499465942383,25.450000000000006,94.1500015258789,1,RECORDED_LANDSLIDE,1704.0,16.072160878428527,N25E094,39.77899932861328
NEG_20101008_0115,2010-10-08,21.55,92.4499969482422,NER_BACKGROUND,58.49999237060547,21.55,92.4499969482422,0,BACKGROUND_NO_RECORDED_LANDSLIDE,203.0,15.33091498205405,N21E092,39.14599990844727
2163,2010-07-29,25.4196,94.1054,Nāgāland,26.924999237060547,25.450000000000006,94.1500015258789,1,RECORDED_LANDSLIDE,1406.0,22.47272827882763,N25E094,43.507999420166016
319,2007-10-19,25.4379,94.1162,Nāgāland,1.904999732971192,25.450000000000006,94.1500015258789,1,RECORDED_LANDSLIDE,1503.0,16.038678192026104,N25E094,37.94200134277344
256,2007-09-10,27.3425,88.6236,Sikkim,8.464999198913574,27.35000000000001,88.6500015258789,1,RECORDED_LANDSLIDE,2049.0,35.90869349353838,N27E088,34.44599914550781
NEG_20130511_0183,2013-05-11,22.35000000000001,89.75,NER_BACKGROUND,0.0,22.35000000000001,89.75,0,BACKGROUND_NO_RECORDED_LANDSLIDE,15.0,3.002346974857879,N22E089,29.0939998626709
NEG_20160714_0336,2016-07-14,27.85000000000001,96.75,NER_BACKGROUND,10.130000114440918,27.85000000000001,96.75,0,BACKGROUND_NO_RECORDED_LANDSLIDE,2600.0,36.99207651312177,N27E096,33.702999114990234
NEG_20110620_0130,2011-06-20,25.35000000000001,94.5500030517578,NER_BACKGROUND,1.559999942779541,25.35000000000001,94.5500030517578,0,BACKGROUND_NO_RECORDED_LANDSLIDE,1106.0,32.02632669056168,N25E094,36.880001068115234
NEG_20090827_0044,2009-08-27,25.450000000000006,93.9499969482422,NER_BACKGROUND,3.854999542236328,25.450000000000006,93.9499969482422,0,BACKGROUND_NO_RECORDED_LANDSLIDE,857.0,30.45779626223729,N25E093,39.55899810791016
8366,2015-09-23,25.583,91.893,Meghalaya,145.75997924804688,25.55,91.8499984741211,1,RECORDED_LANDSLIDE,1448.0,7.211180224347258,N25E091,35.68899917602539
7666,2015-08-11,25.1019,93.3729,Manipur,2.6050000190734863,25.15000000000001,93.3499984741211,1,RECORDED_LANDSLIDE,1143.0,8.129596852486529,N25E093,39.31100082397461
3760,2011-07-11,25.6703,94.1095,Nāgāland,11.135001182556152,25.65000000000001,94.1500015258789,1,RECORDED_LANDSLIDE,1450.0,21.554870104453816,N25E094,36.24300003051758
NEG_20070730_0006,2007-07-30,29.15000000000001,94.4499969482422,NER_BACKGROUND,20.75499725341797,29.15000000000001,94.4499969482422,0,BACKGROUND_NO_RECORDED_LANDSLIDE,4154.0,20.75738495762356,N29E094,32.45100021362305
7972,2015-08-28,23.4495,92.8112,Mizoram,0.0,23.450000000000006,92.8499984741211,1,RECORDED_LANDSLIDE,876.0,31.16083503860741,N23E092,40.54999923706055
755,2008-08-28,27.337,88.609,Sikkim,14.920000076293944,27.35000000000001,88.6500015258789,1,RECORDED_LANDSLIDE,1542.0,12.901696398278036,N27E088,31.698999404907227
6213,2014-09-24,25.8143,90.5763,Meghalaya,0.0,25.85000000000001,90.5500030517578,1,RECORDED_LANDSLIDE,61.0,2.2560210150566906,N25E090,34.30899810791016
6970,2015-06-16,25.5084,90.2191,Meghalaya,30.834999084472656,25.55,90.25,1,RECORDED_LANDSLIDE,325.0,23.705749643396505,N25E090,32.54600143432617
211,2007-08-26,24.9667,93.55,Manipur,16.520000457763672,24.950000000000006,93.5500030517578,1,RECORDED_LANDSLIDE,571.0,22.8550987968422,N24E093,40.415000915527344
313,2007-10-16,25.7055,94.0132,Nāgāland,22.92000198364257,25.750000000000004,94.0500030517578,1,RECORDED_LANDSLIDE,1456.0,14.569286101009888,N25E094,42.40800094604492
7780,2015-08-26,23.3572,92.7878,Mizoram,6.8600006103515625,23.35000000000001,92.75,1,RECORDED_LANDSLIDE,1380.0,9.18427544441587,N23E092,44.06499862670898
5476,2013-09-07,27.3736,88.7323,Sikkim,0.8899999856948853,27.35000000000001,88.75,1,RECORDED_LANDSLIDE,3426.0,30.731772287991458,N27E088,28.226999282836918
NEG_20100531_0059,2010-05-31,28.55,93.75,NER_BACKGROUND,9.98500156402588,28.55,93.75,0,BACKGROUND_NO_RECORDED_LANDSLIDE,3435.0,37.73314830552812,N28E093,29.020000457763672
NEG_20160714_0337,2016-07-14,21.950000000000006,97.9499969482422,NER_BACKGROUND,54.209999084472656,21.950000000000006,97.9499969482422,0,BACKGROUND_NO_RECORDED_LANDSLIDE,978.0,1.3621030375752272,N21E097,30.39800071716309
NEG_20150619_0262,2015-06-19,22.65000000000001,97.8499984741211,NER_BACKGROUND,0.675000011920929,22.65000000000001,97.8499984741211,0,BACKGROUND_NO_RECORDED_LANDSLIDE,664.0,14.438009541162929,N22E097,38.0369987487793
2248,2010-08-14,26.222,94.9152,Nāgāland,43.22499465942383,26.250000000000004,94.9499969482422,1,RECORDED_LANDSLIDE,1763.0,28.425767023589582,N26E094,38.9119987487793
9087,2016-07-19,28.235,94.9612,Arunachal Pradesh,6.664999961853027,28.250000000000004,94.9499969482422,1,RECORDED_LANDSLIDE,314.0,43.508931111637935,N28E094,27.91900062561035
6786,2015-02-19,24.6108,92.562,Assam,0.5749999284744263,24.65000000000001,92.5500030517578,1,RECORDED_LANDSLIDE,33.0,4.921340582296557,N24E092,18.582000732421875
NEG_20140714_0235,2014-07-14,27.450000000000006,88.25,NER_BACKGROUND,13.76999855041504,27.450000000000006,88.25,0,BACKGROUND_NO_RECORDED_LANDSLIDE,3442.0,33.74419365072278,N27E088,31.476999282836918
7138,2015-07-07,27.0816,88.4397,Sikkim,27.16000366210937,27.05,88.44999694824219,1,RECORDED_LANDSLIDE,252.0,23.119881010719286,N27E088,28.77199935913086
5270,2013-08-04,26.0481,94.4619,Nāgāland,51.73500061035156,26.05,94.4499969482422,1,RECORDED_LANDSLIDE,867.0,29.6360306360278,N26E094,38.36899948120117
NEG_20100420_0054,2010-04-20,30.15000000000001,97.1500015258789,NER_BACKGROUND,1.5499999523162842,30.15000000000001,97.1500015258789,0,BACKGROUND_NO_RECORDED_LANDSLIDE,3849.0,35.480161738777745,N30E097,30.57200050354004
2344,2010-08-27,24.7505,93.4221,Assam,14.004997253417969,24.750000000000004,93.4499969482422,1,RECORDED_LANDSLIDE,788.0,10.96796618678514,N24E093,41.34000015258789
NEG_20160419_0320,2016-04-19,21.750000000000004,94.4499969482422,NER_BACKGROUND,0.3199999928474426,21.750000000000004,94.4499969482422,0,BACKGROUND_NO_RECORDED_LANDSLIDE,292.0,6.774925571484273,N21E094,16.79199981689453
NEG_20150724_0273,2015-07-24,22.05,97.6500015258789,NER_BACKGROUND,20.03499984741211,22.05,97.6500015258789,0,BACKGROUND_NO_RECORDED_LANDSLIDE,1557.0,18.3386578767809,N22E097,30.92200088500977
NEG_20080619_0030,2008-06-19,22.625,88.625,NER_BACKGROUND,24.764997482299805,22.625,88.625,0,BACKGROUND_NO_RECORDED_LANDSLIDE,10.0,1.852254273911334,N22E088,41.04199981689453
4857,2013-05-11,23.7281,92.7175,Mizoram,1.3149999380111694,23.750000000000004,92.75,1,RECORDED_LANDSLIDE,1081.0,8.496937956006335,N23E092,34.099998474121094
NEG_20150819_0299,2015-08-19,29.85000000000001,96.5500030517578,NER_BACKGROUND,15.725000381469728,29.85000000000001,96.5500030517578,0,BACKGROUND_NO_RECORDED_LANDSLIDE,5010.0,5.634854911798844,N29E096,30.43400001525879
7335,2015-08-18,25.5145,90.2023,Meghalaya,51.93000411987305,25.55,90.25,1,RECORDED_LANDSLIDE,315.0,11.56504348955916,N25E090,31.82699966430664
3932,2011-08-18,25.83,94.13,Nāgāland,3.679999828338623,25.85000000000001,94.1500015258789,1,RECORDED_LANDSLIDE,1018.0,8.821089630664796,N25E094,39.323001861572266
2113,2010-07-21,27.3773,88.559,Sikkim,7.809998512268066,27.35000000000001,88.55000305175781,1,RECORDED_LANDSLIDE,1480.0,34.577439865993604,N27E088,31.597000122070312
NEG_20100729_0078,2010-07-29,27.05,97.25,NER_BACKGROUND,17.165000915527344,27.05,97.25,0,BACKGROUND_NO_RECORDED_LANDSLIDE,1520.0,9.456948131965516,N27E097,35.07500076293945
2026,2010-06-28,25.4916,91.2698,Meghālaya,127.78498840332033,25.450000000000006,91.25,1,RECORDED_LANDSLIDE,1496.0,11.383724956082276,N25E091,36.57899856567383
NEG_20101008_0114,2010-10-08,22.875,90.875,NER_BACKGROUND,15.460000991821287,22.875,90.875,0,BACKGROUND_NO_RECORDED_LANDSLIDE,7.0,0.0,N22E090,39.4119987487793
4906,2013-06-07,26.0977,94.7499,Nāgāland,9.625,26.05,94.75,1,RECORDED_LANDSLIDE,1553.0,3.0918835620363234,N26E094,35.6870002746582
6200,2014-08-17,27.0869,93.6086,Arunachal Pradesh,4.009999752044678,27.05,93.6500015258789,1,RECORDED_LANDSLIDE,317.0,9.327683683775282,N27E093,40.46699905395508
2282,2010-08-19,26.1984,94.8158,Nāgāland,46.56500244140625,26.15000000000001,94.8499984741211,1,RECORDED_LANDSLIDE,1885.0,32.421818019787125,N26E094,37.90800094604492
NEG_20140922_0243,2014-09-22,24.05,90.5500030517578,NER_BACKGROUND,28.93000030517578,24.05,90.5500030517578,0,BACKGROUND_NO_RECORDED_LANDSLIDE,14.0,2.1115040004906445,N24E090,39.77299880981445
2577,2010-10-09,25.5265,93.8673,Nāgāland,0.1199999973177909,25.55,93.8499984741211,1,RECORDED_LANDSLIDE,1371.0,27.026628812346573,N25E093,39.23899841308594
3525,2011-05-22,25.0672,93.4093,Assam,3.8249998092651367,25.05,93.4499969482422,1,RECORDED_LANDSLIDE,462.0,17.05316578885703,N25E093,37.34000015258789
NEG_20131013_0227,2013-10-13,28.85000000000001,93.8499984741211,NER_BACKGROUND,1.569999933242798,28.85000000000001,93.8499984741211,0,BACKGROUND_NO_RECORDED_LANDSLIDE,4431.0,40.19365615400811,N28E093,28.97900009155273
6291,2014-09-21,25.7354,90.3852,Meghalaya,242.04498291015625,25.750000000000004,90.3499984741211,1,RECORDED_LANDSLIDE,341.0,5.210697816005832,N25E090,37.57699966430664
78,2007-05-23,27.3383,88.6069,Sikkim,0.0,27.35000000000001,88.6500015258789,1,RECORDED_LANDSLIDE,1516.0,14.993125541982852,N27E088,23.121999740600582
NEG_20160726_0344,2016-07-26,28.05,90.6500015258789,NER_BACKGROUND,21.07499885559082,28.05,90.6500015258789,0,BACKGROUND_NO_RECORDED_LANDSLIDE,5140.0,13.78232231405046,N28E090,42.12200164794922
7384,2015-08-01,23.9278,94.0906,Manipur,6.684999465942383,23.950000000000006,94.0500030517578,1,RECORDED_LANDSLIDE,939.0,13.089378757745738,N23E094,35.10300064086914
NEG_20110628_0132,2011-06-28,22.55,89.75,NER_BACKGROUND,14.85500144958496,22.55,89.75,0,BACKGROUND_NO_RECORDED_LANDSLIDE,4.0,0.926369172997235,N22E089,35.48500061035156
9252,2016-07-28,27.5748,91.8644,Arunachal Pradesh,9.02500057220459,27.55,91.8499984741211,1,RECORDED_LANDSLIDE,2689.0,11.67372935280908,N27E091,32.00199890136719
7369,2015-08-01,24.1988,94.1016,Manipur,4.019999980926514,24.15000000000001,94.1500015258789,1,RECORDED_LANDSLIDE,1392.0,19.94576616473369,N24E094,42.492000579833984
2575,2010-10-09,25.5242,92.9914,Assam,0.0,25.55,92.9499969482422,1,RECORDED_LANDSLIDE,160.0,16.865567463034814,N25E092,34.084999084472656
6016,2014-05-09,24.8669,92.3576,Assam,144.3800048828125,24.85000000000001,92.3499984741211,1,RECORDED_LANDSLIDE,23.0,2.0413777681804106,N24E092,40.09299850463867
8684,2016-07-07,25.9611,91.3681,Assam,14.854999542236328,25.950000000000006,91.3499984741211,1,RECORDED_LANDSLIDE,182.0,5.635158792453883,N25E091,34.16699981689453
9334,2016-05-18,24.5204,92.7264,Assam,69.54999542236328,24.55,92.75,1,RECORDED_LANDSLIDE,46.0,1.3764031215077237,N24E092,40.005001068115234
7364,2015-07-31,24.819,94.3551,Manipur,65.1449966430664,24.85000000000001,94.3499984741211,1,RECORDED_LANDSLIDE,1602.0,26.68126632136219,N24E094,40.382999420166016
NEG_20100904_0097,2010-09-04,29.15000000000001,91.0500030517578,NER_BACKGROUND,12.149999618530272,29.15000000000001,91.0500030517578,0,BACKGROUND_NO_RECORDED_LANDSLIDE,4265.0,19.96278596508645,N29E091,39.58599853515625
3831,2011-07-22,24.7992,93.948,Manipur,17.604999542236328,24.750000000000004,93.9499969482422,1,RECORDED_LANDSLIDE,785.0,2.7545823875732576,N24E093,37.930999755859375
NEG_20150801_0288,2015-08-01,24.15000000000001,96.4499969482422,NER_BACKGROUND,0.6349999308586121,24.15000000000001,96.4499969482422,0,BACKGROUND_NO_RECORDED_LANDSLIDE,120.0,1.3742069168389894,N24E096,41.91400146484375
NEG_20150722_0268,2015-07-22,30.250000000000004,88.94999694824219,NER_BACKGROUND,0.0700000002980232,30.250000000000004,88.94999694824219,0,BACKGROUND_NO_RECORDED_LANDSLIDE,5185.0,2.976414713871603,N30E088,19.910999298095703
NEG_20150801_0284,2015-08-01,21.05,92.9499969482422,NER_BACKGROUND,69.65999603271484,21.05,92.9499969482422,0,BACKGROUND_NO_RECORDED_LANDSLIDE,119.0,26.572519267120768,N21E092,35.0359992980957
NEG_20120304_0157,2012-03-04,23.55,89.25,NER_BACKGROUND,0.0,23.55,89.25,0,BACKGROUND_NO_RECORDED_LANDSLIDE,13.0,5.631616822201304,N23E089,19.325000762939453
7253,2015-07-22,24.7979,92.9974,Assam,6.760000228881836,24.750000000000004,92.9499969482422,1,RECORDED_LANDSLIDE,28.0,0.926369172997235,N24E092,44.65999984741211
NEG_20101009_0120,2010-10-09,28.450000000000006,96.5500030517578,NER_BACKGROUND,3.4200000762939453,28.450000000000006,96.5500030517578,0,BACKGROUND_NO_RECORDED_LANDSLIDE,2601.0,26.70624913114868,N28E096,36.15399932861328
1222,2009-10-05,23.73478778,92.72124394,Mizoram,17.784996032714844,23.750000000000004,92.75,1,RECORDED_LANDSLIDE,988.0,23.248272553867388,N23E092,36.07799911499024
6963,2015-06-19,23.7131,92.7362,Mizoram,7.494999885559082,23.750000000000004,92.75,1,RECORDED_LANDSLIDE,900.0,22.497546016791755,N23E092,33.49100112915039
5087,2013-07-12,25.6269,94.1139,Nāgāland,18.66999626159668,25.65000000000001,94.1500015258789,1,RECORDED_LANDSLIDE,1571.0,13.286694596501158,N25E094,37.77999877929688
NEG_20161015_0351,2016-10-15,27.35000000000001,89.55000305175781,NER_BACKGROUND,0.0,27.35000000000001,89.55000305175781,0,BACKGROUND_NO_RECORDED_LANDSLIDE,2791.0,24.067876151842167,N27E089,26.733999252319336
NEG_20140814_0236,2014-08-14,22.15000000000001,90.3499984741211,NER_BACKGROUND,29.86499786376953,22.15000000000001,90.3499984741211,0,BACKGROUND_NO_RECORDED_LANDSLIDE,5.0,1.3631389557802955,N22E090,42.55099868774414
2436,2010-09-16,24.3069,93.125,Mizoram,8.175000190734863,24.35000000000001,93.1500015258789,1,RECORDED_LANDSLIDE,753.0,29.11681749159973,N24E093,38.72800064086914
NEG_20101009_0117,2010-10-09,25.05,95.25,NER_BACKGROUND,0.0149999996647238,25.05,95.25,0,BACKGROUND_NO_RECORDED_LANDSLIDE,319.0,4.4814897359079255,N25E095,40.69200134277344
NEG_20120625_0173,2012-06-25,23.85000000000001,94.6500015258789,NER_BACKGROUND,16.545001983642578,23.85000000000001,94.6500015258789,0,BACKGROUND_NO_RECORDED_LANDSLIDE,182.0,11.001194163740385,N23E094,31.048999786376957
9169,2016-06-12,26.1677,94.2442,Nagaland,4.279999732971191,26.15000000000001,94.25,1,RECORDED_LANDSLIDE,777.0,12.19922578147437,N26E094,39.26300048828125
2424,2010-09-13,23.591,92.9296,Mizoram,25.044998168945312,23.55,92.9499969482422,1,RECORDED_LANDSLIDE,808.0,14.408778587162091,N23E092,42.23600006103516
NEG_20070727_0005,2007-07-27,25.05,97.25,NER_BACKGROUND,20.695003509521484,25.05,97.25,0,BACKGROUND_NO_RECORDED_LANDSLIDE,134.0,12.76886173047085,N25E097,35.191001892089844
NEG_20150801_0277,2015-08-01,23.450000000000006,92.6500015258789,NER_BACKGROUND,20.999998092651367,23.450000000000006,92.6500015258789,0,BACKGROUND_NO_RECORDED_LANDSLIDE,357.0,26.97361337568654,N23E092,35.69599914550781
9051,2016-07-19,26.09748244,91.8744337,Meghalaya,8.464999198913574,26.05,91.8499984741211,1,RECORDED_LANDSLIDE,188.0,35.452827191558235,N26E091,35.71900177001953
4798,2013-04-07,28.8254,96.1509,Arunachal Pradesh,0.044999998062849,28.85000000000001,96.1500015258789,1,RECORDED_LANDSLIDE,3635.0,29.62275080740819,N28E096,22.95400047302246
7727,2015-08-20,25.6263,94.1057,Nagaland,2.075000047683716,25.65000000000001,94.1500015258789,1,RECORDED_LANDSLIDE,1515.0,16.03432433908622,N25E094,38.01100158691406
NEG_20070726_0004,2007-07-26,25.15000000000001,94.1500015258789,NER_BACKGROUND,77.66999053955078,25.15000000000001,94.1500015258789,0,BACKGROUND_NO_RECORDED_LANDSLIDE,1088.0,19.442625707759227,N25E094,41.233001708984375
NEG_20160518_0324,2016-05-18,22.250000000000004,92.5500030517578,NER_BACKGROUND,30.699995040893555,22.250000000000004,92.5500030517578,0,BACKGROUND_NO_RECORDED_LANDSLIDE,389.0,21.891255655254337,N22E092,28.718000411987305
3912,2011-08-12,27.44,92.2833,Arunāchal Pradesh,12.804998397827148,27.450000000000006,92.25,1,RECORDED_LANDSLIDE,2615.0,1.0437789193849585,N27E092,31.69099998474121
3269,2011-03-22,28.0791,96.5242,Arunāchal Pradesh,44.17000198364258,28.05,96.5500030517578,1,RECORDED_LANDSLIDE,560.0,24.638327529773587,N28E096,28.89299964904785
NEG_20130804_0204,2013-08-04,29.750000000000004,96.9499969482422,NER_BACKGROUND,9.010000228881836,29.750000000000004,96.9499969482422,0,BACKGROUND_NO_RECORDED_LANDSLIDE,5548.0,47.20992302915263,N29E096,28.290000915527344
NEG_20150609_0258,2015-06-09,26.85000000000001,97.1500015258789,NER_BACKGROUND,16.799997329711914,26.85000000000001,97.1500015258789,0,BACKGROUND_NO_RECORDED_LANDSLIDE,1285.0,29.557286556348007,N26E097,29.928998947143555
4860,2013-05-11,26.1016,91.6906,Assam,22.764997482299805,26.15000000000001,91.6500015258789,1,RECORDED_LANDSLIDE,115.0,39.5106853976653,N26E091,34.88999938964844
NEG_20110524_0127,2011-05-24,21.85000000000001,93.1500015258789,NER_BACKGROUND,7.980000495910644,21.85000000000001,93.1500015258789,0,BACKGROUND_NO_RECORDED_LANDSLIDE,1082.0,17.455246223727958,N21E093,35.51100158691406
NEG_20100401_0049,2010-04-01,28.05,95.4499969482422,NER_BACKGROUND,7.424999713897705,28.05,95.4499969482422,0,BACKGROUND_NO_RECORDED_LANDSLIDE,138.0,5.234175183172443,N28E095,26.04400062561035
NEG_20160720_0342,2016-07-20,22.750000000000004,89.55000305175781,NER_BACKGROUND,2.3349997997283936,22.750000000000004,89.55000305175781,0,BACKGROUND_NO_RECORDED_LANDSLIDE,0.0,0.0,N22E089,32.810001373291016
9620,2016-10-15,27.172,88.5292,Sikkim,0.0,27.15000000000001,88.55000305175781,1,RECORDED_LANDSLIDE,324.0,37.359591147855866,N27E088,27.78499984741211
9404,2016-05-01,28.0822,96.5316,Arunachal Pradesh,3.2799997329711914,28.05,96.5500030517578,1,RECORDED_LANDSLIDE,585.0,31.735828847521173,N28E096,30.301000595092773
NEG_20150818_0297,2015-08-18,25.750000000000004,92.9499969482422,NER_BACKGROUND,40.719993591308594,25.750000000000004,92.9499969482422,0,BACKGROUND_NO_RECORDED_LANDSLIDE,141.0,1.0284802991163406,N25E092,28.046998977661133
3805,2011-07-19,27.05374234,88.42572376,Sikkim,50.63499450683594,27.05,88.44999694824219,1,RECORDED_LANDSLIDE,232.0,28.07860733151429,N27E088,31.319000244140625
3806,2011-07-19,27.1032,93.6884,Arunāchal Pradesh,71.54500579833984,27.15000000000001,93.6500015258789,1,RECORDED_LANDSLIDE,146.0,0.926369172997235,N27E093,42.88600158691406
NEG_20100327_0048,2010-03-27,22.450000000000006,93.8499984741211,NER_BACKGROUND,2.0299999713897705,22.450000000000006,93.8499984741211,0,BACKGROUND_NO_RECORDED_LANDSLIDE,1149.0,12.844752985857903,N22E093,17.702999114990234
7655,2016-04-22,27.5799,91.8569,Arunachal Pradesh,26.47499656677246,27.55,91.8499984741211,1,RECORDED_LANDSLIDE,2758.0,26.387393427090977,N27E091,25.836000442504883
264,2007-09-13,26.1833,91.8,Assam,1.559999942779541,26.15000000000001,91.8499984741211,1,RECORDED_LANDSLIDE,68.0,4.154096764309844,N26E091,35.185001373291016
4434,2012-06-25,26.1049,91.7369,Assam,85.07999420166016,26.15000000000001,91.75,1,RECORDED_LANDSLIDE,158.0,16.672500924387776,N26E091,41.01499938964844
NEG_20130901_0218,2013-09-01,26.450000000000006,91.0500030517578,NER_BACKGROUND,1.59499990940094,26.450000000000006,91.0500030517578,0,BACKGROUND_NO_RECORDED_LANDSLIDE,49.0,4.233756982668608,N26E091,33.32699966430664
7923,2015-09-01,26.49349035,91.72137514,Assam,13.460000038146973,26.450000000000006,91.75,1,RECORDED_LANDSLIDE,62.0,1.388921568190823,N26E091,33.99399948120117
NEG_20150819_0303,2015-08-19,23.55,97.75,NER_BACKGROUND,2.095000028610229,23.55,97.75,0,BACKGROUND_NO_RECORDED_LANDSLIDE,845.0,8.80834933826001,N23E097,35.82699966430664
247,2007-09-08,25.0604,93.9877,Manipur,35.2349967956543,25.05,93.9499969482422,1,RECORDED_LANDSLIDE,1525.0,37.35514278400911,N25E093,39.198001861572266
7728,2015-08-22,26.1028,91.8806,Assam,30.58499526977539,26.15000000000001,91.8499984741211,1,RECORDED_LANDSLIDE,137.0,15.471112076163267,N26E091,35.97200012207031
545,2008-05-20,24.9849,92.8411,Assam,9.045000076293944,24.950000000000006,92.8499984741211,1,RECORDED_LANDSLIDE,264.0,19.51816573573522,N24E092,34.27899932861328
NEG_20120625_0171,2012-06-25,22.85000000000001,97.5500030517578,NER_BACKGROUND,17.28999900817871,22.85000000000001,97.5500030517578,0,BACKGROUND_NO_RECORDED_LANDSLIDE,961.0,7.633999798387097,N22E097,34.40299987792969
4426,2012-06-22,26.1226,91.7162,Assam,15.565000534057615,26.15000000000001,91.75,1,RECORDED_LANDSLIDE,74.0,15.288279133132818,N26E091,35.6150016784668
NEG_20110701_0135,2011-07-01,22.450000000000006,91.9499969482422,NER_BACKGROUND,83.22998809814453,22.450000000000006,91.9499969482422,0,BACKGROUND_NO_RECORDED_LANDSLIDE,6.0,3.143574392991926,N22E091,37.38899993896485
NEG_20100531_0058,2010-05-31,22.750000000000004,96.1500015258789,NER_BACKGROUND,0.0449999943375587,22.750000000000004,96.1500015258789,0,BACKGROUND_NO_RECORDED_LANDSLIDE,464.0,2.211423176423452,N22E096,30.299999237060547
6282,2014-09-22,26.1097,91.7747,Assam,170.47999572753906,26.15000000000001,91.75,1,RECORDED_LANDSLIDE,60.0,2.260732414259265,N26E091,40.165000915527344
7701,2015-08-19,25.6278,94.1051,Nagaland,6.734999656677246,25.65000000000001,94.1500015258789,1,RECORDED_LANDSLIDE,1530.0,12.46880569721071,N25E094,38.2509994506836
NEG_20100819_0089,2010-08-19,25.85000000000001,89.25,NER_BACKGROUND,21.10000228881836,25.85000000000001,89.25,0,BACKGROUND_NO_RECORDED_LANDSLIDE,36.0,1.0293482335292006,N25E089,33.28499984741211
7279,2015-07-24,24.9818,93.5142,Manipur,6.6150007247924805,24.950000000000006,93.5500030517578,1,RECORDED_LANDSLIDE,1251.0,3.700645055238003,N24E093,38.7400016784668
3965,2011-09-06,24.808,93.117,Assam,23.739999771118164,24.85000000000001,93.1500015258789,1,RECORDED_LANDSLIDE,41.0,5.900698486822301,N24E093,31.763999938964844
3532,2011-05-24,25.0888,92.8551,Assam,9.395000457763672,25.05,92.8499984741211,1,RECORDED_LANDSLIDE,264.0,26.25407499537205,N25E092,44.29399871826172
NEG_20150801_0283,2015-08-01,29.450000000000006,91.25,NER_BACKGROUND,5.869999885559082,29.450000000000006,91.25,0,BACKGROUND_NO_RECORDED_LANDSLIDE,4957.0,25.821210370025568,N29E091,25.584999084472656
9122,2016-07-20,26.1966,91.802,Assam,17.619998931884766,26.15000000000001,91.8499984741211,1,RECORDED_LANDSLIDE,105.0,10.085476299962467,N26E091,35.0260009765625
7375,2015-08-01,25.1941,94.4481,Manipur,3.5699996948242188,25.15000000000001,94.4499969482422,1,RECORDED_LANDSLIDE,1726.0,13.629654547724757,N25E094,40.71500015258789
2569,2010-10-08,25.2745,94.0212,Nāgāland,69.02000427246094,25.250000000000004,94.0500030517578,1,RECORDED_LANDSLIDE,1077.0,13.95022570481308,N25E094,44.81700134277344
NEG_20080609_0027,2008-06-09,21.85000000000001,95.0500030517578,NER_BACKGROUND,0.0199999995529651,21.85000000000001,95.0500030517578,0,BACKGROUND_NO_RECORDED_LANDSLIDE,113.0,3.417934391860796,N21E095,36.880001068115234
4446,2012-07-05,28.9986,94.8885,Arunachal Pradesh,11.420001029968262,28.950000000000006,94.8499984741211,1,RECORDED_LANDSLIDE,588.0,9.700569437024638,N28E094,26.46500015258789
NEG_20070826_0010,2007-08-26,26.05,95.1500015258789,NER_BACKGROUND,31.39999389648437,26.05,95.1500015258789,0,BACKGROUND_NO_RECORDED_LANDSLIDE,2445.0,16.22379805682199,N26E095,41.24300003051758
1930,2010-05-31,28.4298,95.8776,Arunāchal Pradesh,22.27499961853028,28.450000000000006,95.8499984741211,1,RECORDED_LANDSLIDE,519.0,15.81679952401605,N28E095,29.3799991607666
NEG_20100909_0098,2010-09-09,26.35000000000001,92.25,NER_BACKGROUND,2.130000114440918,26.35000000000001,92.25,0,BACKGROUND_NO_RECORDED_LANDSLIDE,56.0,1.3879631529711307,N26E092,30.73200035095215
5552,2013-09-24,25.0985,94.3619,Manipur,16.18000030517578,25.05,94.3499984741211,1,RECORDED_LANDSLIDE,1897.0,10.523133627119554,N25E094,36.92699813842773
7373,2015-08-01,24.9111,94.4759,Manipur,3.864999771118164,24.950000000000006,94.4499969482422,1,RECORDED_LANDSLIDE,1833.0,25.70499440133583,N24E094,41.709999084472656
258,2007-09-11,24.4279,94.0564,Manipur,3.274999618530273,24.450000000000006,94.0500030517578,1,RECORDED_LANDSLIDE,899.0,8.395047652311604,N24E094,38.31900024414063
NEG_20140908_0238,2014-09-08,23.35000000000001,88.44999694824219,NER_BACKGROUND,0.0,23.35000000000001,88.44999694824219,0,BACKGROUND_NO_RECORDED_LANDSLIDE,17.0,2.9542449560881843,N23E088,31.145999908447266
9335,2016-05-18,24.5202,92.7239,Assam,69.54999542236328,24.55,92.75,1,RECORDED_LANDSLIDE,43.0,0.0,N24E092,40.005001068115234
7591,2015-03-19,25.0318,92.4584,Assam,0.0,25.05,92.4499969482422,1,RECORDED_LANDSLIDE,83.0,17.3079457888422,N25E092,18.066999435424805
NEG_20100706_0072,2010-07-06,28.35000000000001,90.5500030517578,NER_BACKGROUND,7.204999923706055,28.35000000000001,90.5500030517578,0,BACKGROUND_NO_RECORDED_LANDSLIDE,4405.0,4.590624681504854,N28E090,24.77400016784668
NEG_20160501_0322,2016-05-01,30.250000000000004,92.5500030517578,NER_BACKGROUND,0.0,30.250000000000004,92.5500030517578,0,BACKGROUND_NO_RECORDED_LANDSLIDE,5140.0,9.245284089062023,N30E092,14.029999732971191
4908,2013-06-08,27.3721,88.708,Sikkim,16.005001068115234,27.35000000000001,88.75,1,RECORDED_LANDSLIDE,3165.0,38.00689623991378,N27E088,25.06999969482422
NEG_20100827_0094,2010-08-27,27.35000000000001,95.75,NER_BACKGROUND,26.05000305175781,27.35000000000001,95.75,0,BACKGROUND_NO_RECORDED_LANDSLIDE,141.0,1.394805840198147,N27E095,31.20499992370605
NEG_20150722_0269,2015-07-22,25.15000000000001,91.25,NER_BACKGROUND,12.045000076293944,25.15000000000001,91.25,0,BACKGROUND_NO_RECORDED_LANDSLIDE,9.0,2.1158143969517327,N25E091,42.3380012512207
NEG_20071021_0025,2007-10-21,25.35000000000001,88.6500015258789,NER_BACKGROUND,0.0,25.35000000000001,88.6500015258789,0,BACKGROUND_NO_RECORDED_LANDSLIDE,25.0,0.0,N25E088,30.974000930786133
2343,2010-08-27,25.4786,94.1327,Nāgāland,3.0999999046325684,25.450000000000006,94.1500015258789,1,RECORDED_LANDSLIDE,1755.0,9.58752644399106,N25E094,40.89400100708008
4845,2013-05-07,24.2315,92.6755,Mizoram,67.65499877929688,24.250000000000004,92.6500015258789,1,RECORDED_LANDSLIDE,674.0,5.527812889706318,N24E092,30.150999069213867
7590,2015-08-19,25.1416,92.3807,Meghalaya,243.07000732421875,25.15000000000001,92.3499984741211,1,RECORDED_LANDSLIDE,160.0,10.756185231515634,N25E092,44.040000915527344
NEG_20100806_0082,2010-08-06,21.05,94.9499969482422,NER_BACKGROUND,6.559998512268066,21.05,94.9499969482422,0,BACKGROUND_NO_RECORDED_LANDSLIDE,208.0,2.189842401231658,N21E094,37.90399932861328
NEG_20120607_0164,2012-06-07,23.55,95.25,NER_BACKGROUND,0.8700000047683716,23.55,95.25,0,BACKGROUND_NO_RECORDED_LANDSLIDE,254.0,2.7771727466475022,N23E095,35.48099899291992
NEG_20160518_0325,2016-05-18,23.85000000000001,91.5500030517578,NER_BACKGROUND,4.350000381469727,23.85000000000001,91.5500030517578,0,BACKGROUND_NO_RECORDED_LANDSLIDE,166.0,13.930371854686294,N23E091,35.30899810791016
NEG_20100913_0106,2010-09-13,26.35000000000001,89.8499984741211,NER_BACKGROUND,0.0,26.35000000000001,89.8499984741211,0,BACKGROUND_NO_RECORDED_LANDSLIDE,40.0,1.0337573410561414,N26E089,34.59199905395508
NEG_20100814_0084,2010-08-14,28.450000000000006,96.8499984741211,NER_BACKGROUND,3.2149996757507324,28.450000000000006,96.8499984741211,0,BACKGROUND_NO_RECORDED_LANDSLIDE,4290.0,27.3626743555154,N28E096,28.388999938964844
147,2007-07-30,22.533,92.899,Mizoram,2.804999828338623,22.55,92.8499984741211,1,RECORDED_LANDSLIDE,804.0,15.868646633497285,N22E092,39.13399887084961
NEG_20160716_0338,2016-07-16,28.15000000000001,90.6500015258789,NER_BACKGROUND,0.0,28.15000000000001,90.6500015258789,0,BACKGROUND_NO_RECORDED_LANDSLIDE,4632.0,8.2878622599303,N28E090,34.62699890136719
1168,2009-09-17,27.1954,88.6115,Sikkim,23.149995803833008,27.15000000000001,88.6500015258789,1,RECORDED_LANDSLIDE,474.0,7.161187087203872,N27E088,29.475000381469727
NEG_20150819_0304,2015-08-19,22.35000000000001,91.75,NER_BACKGROUND,81.6050033569336,22.35000000000001,91.75,0,BACKGROUND_NO_RECORDED_LANDSLIDE,0.0,0.0,N22E091,32.3120002746582
NEG_20121111_0178,2012-11-11,21.15000000000001,96.4499969482422,NER_BACKGROUND,0.0,21.15000000000001,96.4499969482422,0,BACKGROUND_NO_RECORDED_LANDSLIDE,1247.0,0.0,N21E096,30.62800025939941
4436,2012-06-25,26.9986,95.4993,Arunāchal Pradesh,52.40000915527344,26.950000000000006,95.4499969482422,1,RECORDED_LANDSLIDE,642.0,31.568430941138818,N26E095,38.59799957275391
255,2007-09-10,24.2451,94.0691,Manipur,9.40000057220459,24.250000000000004,94.0500030517578,1,RECORDED_LANDSLIDE,1285.0,25.95439328643043,N24E094,38.4900016784668
1611,2010-04-01,25.1553,93.028,Assam,7.579998970031738,25.15000000000001,93.0500030517578,1,RECORDED_LANDSLIDE,577.0,23.25770246880801,N25E093,36.8129997253418
NEG_20160612_0328,2016-06-12,23.65000000000001,97.3499984741211,NER_BACKGROUND,13.639999389648438,23.65000000000001,97.3499984741211,0,BACKGROUND_NO_RECORDED_LANDSLIDE,494.0,10.808228138432336,N23E097,36.81800079345703
NEG_20150811_0292,2015-08-11,22.85000000000001,92.8499984741211,NER_BACKGROUND,5.899999141693115,22.85000000000001,92.8499984741211,0,BACKGROUND_NO_RECORDED_LANDSLIDE,581.0,15.902528166148509,N22E092,41.7239990234375
141,2007-07-26,25.38,91.88,Meghālaya,86.05997467041016,25.35000000000001,91.8499984741211,1,RECORDED_LANDSLIDE,1307.0,40.39713922078188,N25E091,43.29899978637695
NEG_20150812_0295,2015-08-12,24.05,90.8499984741211,NER_BACKGROUND,5.710000038146973,24.05,90.8499984741211,0,BACKGROUND_NO_RECORDED_LANDSLIDE,15.0,3.437061433453336,N24E090,32.04199981689453
NEG_20100617_0067,2010-06-17,22.55,89.8499984741211,NER_BACKGROUND,31.76499557495117,22.55,89.8499984741211,0,BACKGROUND_NO_RECORDED_LANDSLIDE,7.0,1.3652486357667422,N22E089,34.637001037597656
8223,2015-09-14,23.7348,92.7187,Mizoram,41.88999938964844,23.750000000000004,92.75,1,RECORDED_LANDSLIDE,1044.0,18.14421799352956,N23E092,38.5009994506836
NEG_20150827_0309,2015-08-27,25.05,88.44999694824219,NER_BACKGROUND,0.1299999952316284,25.05,88.44999694824219,0,BACKGROUND_NO_RECORDED_LANDSLIDE,22.0,2.95888318863249,N25E088,33.393001556396484
7388,2015-08-01,24.416,94.0984,Manipur,8.145000457763672,24.450000000000006,94.0500030517578,1,RECORDED_LANDSLIDE,1373.0,20.935033326099376,N24E094,41.9739990234375
NEG_20130511_0185,2013-05-11,25.15000000000001,88.75,NER_BACKGROUND,3.2199997901916504,25.15000000000001,88.75,0,BACKGROUND_NO_RECORDED_LANDSLIDE,24.0,2.0460844320350664,N25E088,20.128999710083008
7390,2015-08-01,24.4265,94.1913,Manipur,7.445000648498535,24.450000000000006,94.1500015258789,1,RECORDED_LANDSLIDE,1314.0,11.243730344787089,N24E094,41.9739990234375
NEG_20141020_0253,2014-10-20,23.950000000000006,97.75,NER_BACKGROUND,0.0,23.950000000000006,97.75,0,BACKGROUND_NO_RECORDED_LANDSLIDE,781.0,9.192075118283476,N23E097,35.393001556396484
5584,2013-10-06,26.1665,91.7049,Assam,31.939998626708984,26.15000000000001,91.75,1,RECORDED_LANDSLIDE,235.0,13.777425286985055,N26E091,36.13199996948242
580,2008-06-09,24.6596,93.9784,Manipur,0.8799999952316284,24.65000000000001,93.9499969482422,1,RECORDED_LANDSLIDE,777.0,3.8377078345156304,N24E093,28.104999542236328
NEG_20130801_0200,2013-08-01,22.65000000000001,89.25,NER_BACKGROUND,11.004999160766602,22.65000000000001,89.25,0,BACKGROUND_NO_RECORDED_LANDSLIDE,4.0,1.365784012210636,N22E089,42.86600112915039
6990,2015-06-24,26.0319,94.5466,Nagaland,2.440000057220459,26.05,94.5500030517578,1,RECORDED_LANDSLIDE,1562.0,40.77036050242681,N26E094,41.65900039672852
1755,2010-04-17,27.3341,88.6083,Sikkim,9.739999771118164,27.35000000000001,88.6500015258789,1,RECORDED_LANDSLIDE,1450.0,24.49385858982577,N27E088,25.06100082397461
NEG_20070909_0014,2007-09-09,25.85000000000001,95.3499984741211,NER_BACKGROUND,6.289999961853027,25.85000000000001,95.3499984741211,0,BACKGROUND_NO_RECORDED_LANDSLIDE,1647.0,19.878379391412818,N25E095,30.38599967956543
6105,2014-06-26,28.9205,95.3429,Arunachal Pradesh,5.439999580383301,28.950000000000006,95.3499984741211,1,RECORDED_LANDSLIDE,4054.0,30.316394624804257,N28E095,27.15999984741211
868,2008-10-29,26.3333,91.25,Assam,0.0,26.35000000000001,91.25,1,RECORDED_LANDSLIDE,42.0,1.3878521111919373,N26E091,30.632999420166016
4313,2012-04-08,28.4659,95.86,Arunāchal Pradesh,17.524999618530273,28.450000000000006,95.8499984741211,1,RECORDED_LANDSLIDE,1066.0,27.396267400283048,N28E095,22.104999542236328
6331,2014-09-08,25.9466,94.6279,Nagaland,8.744999885559082,25.950000000000006,94.6500015258789,1,RECORDED_LANDSLIDE,1395.0,24.37247781848961,N25E094,38.65599822998047
NEG_20160518_0323,2016-05-18,25.85000000000001,94.6500015258789,NER_BACKGROUND,13.819997787475586,25.85000000000001,94.6500015258789,0,BACKGROUND_NO_RECORDED_LANDSLIDE,1794.0,32.701568215238964,N25E094,42.51599884033203
NEG_20071019_0024,2007-10-19,25.15000000000001,97.75,NER_BACKGROUND,7.449999809265137,25.15000000000001,97.75,0,BACKGROUND_NO_RECORDED_LANDSLIDE,1543.0,14.483541678446482,N25E097,43.13100051879883
NEG_20070913_0020,2007-09-13,27.15000000000001,91.4499969482422,NER_BACKGROUND,1.0849997997283936,27.15000000000001,91.4499969482422,0,BACKGROUND_NO_RECORDED_LANDSLIDE,1887.0,28.079283573960826,N27E091,32.948001861572266
4556,2012-09-16,27.1675,88.3651,Sikkim,11.640000343322754,27.15000000000001,88.3499984741211,1,RECORDED_LANDSLIDE,1511.0,20.42254604983192,N27E088,23.527999877929688
NEG_20140922_0244,2014-09-22,27.950000000000006,92.9499969482422,NER_BACKGROUND,48.90998077392578,27.950000000000006,92.9499969482422,0,BACKGROUND_NO_RECORDED_LANDSLIDE,2919.0,25.13951813685814,N27E092,36.97299957275391
NEG_20110706_0136,2011-07-06,25.750000000000004,92.9499969482422,NER_BACKGROUND,0.0,25.750000000000004,92.9499969482422,0,BACKGROUND_NO_RECORDED_LANDSLIDE,141.0,1.0284802991163406,N25E092,28.083999633789062
NEG_20120613_0166,2012-06-13,21.950000000000006,88.6500015258789,NER_BACKGROUND,0.1000000089406967,21.950000000000006,88.6500015258789,0,BACKGROUND_NO_RECORDED_LANDSLIDE,0.0,0.0,N21E088,27.554000854492188
5084,2013-07-12,25.616,94.1167,Nāgāland,18.66999626159668,25.65000000000001,94.1500015258789,1,RECORDED_LANDSLIDE,1593.0,29.56631726951452,N25E094,37.77999877929688
NEG_20140922_0246,2014-09-22,27.950000000000006,89.94999694824219,NER_BACKGROUND,7.580000877380371,27.950000000000006,89.94999694824219,0,BACKGROUND_NO_RECORDED_LANDSLIDE,5131.0,39.108422357252415,N27E089,34.30899810791016
NEG_20150214_0254,2015-02-14,22.950000000000006,89.6500015258789,NER_BACKGROUND,0.0,22.950000000000006,89.6500015258789,0,BACKGROUND_NO_RECORDED_LANDSLIDE,5.0,0.926369172997235,N22E089,17.386999130249023
NEG_20100729_0080,2010-07-29,22.35000000000001,89.05000305175781,NER_BACKGROUND,19.64499855041504,22.35000000000001,89.05000305175781,0,BACKGROUND_NO_RECORDED_LANDSLIDE,3.0,4.405779039203638,N22E089,43.887001037597656
NEG_20110722_0145,2011-07-22,27.05,89.94999694824219,NER_BACKGROUND,41.44499969482422,27.05,89.94999694824219,0,BACKGROUND_NO_RECORDED_LANDSLIDE,1795.0,36.75443029684767,N27E089,30.143999099731445
NEG_20100913_0103,2010-09-13,26.35000000000001,95.1500015258789,NER_BACKGROUND,26.70499992370605,26.35000000000001,95.1500015258789,0,BACKGROUND_NO_RECORDED_LANDSLIDE,1564.0,20.14696635789964,N26E095,41.64799880981445
NEG_20160612_0327,2016-06-12,25.950000000000006,88.55000305175781,NER_BACKGROUND,2.1449999809265137,25.950000000000006,88.55000305175781,0,BACKGROUND_NO_RECORDED_LANDSLIDE,49.0,1.3853320397381608,N25E088,32.72999954223633
NEG_20140627_0233,2014-06-27,22.05,90.6500015258789,NER_BACKGROUND,1.059999942779541,22.05,90.6500015258789,0,BACKGROUND_NO_RECORDED_LANDSLIDE,4.0,2.202275854868013,N22E090,42.36299896240234
NEG_20141005_0252,2014-10-05,30.15000000000001,93.25,NER_BACKGROUND,0.0,30.15000000000001,93.25,0,BACKGROUND_NO_RECORDED_LANDSLIDE,5209.0,13.672418096299896,N30E093,25.415000915527344
2025,2010-06-28,25.5728,91.885,Meghālaya,60.7449951171875,25.55,91.8499984741211,1,RECORDED_LANDSLIDE,1504.0,9.40412013238775,N25E091,36.31999969482422
NEG_20100827_0096,2010-08-27,25.15000000000001,94.75,NER_BACKGROUND,37.6349983215332,25.15000000000001,94.75,0,BACKGROUND_NO_RECORDED_LANDSLIDE,1876.0,14.4918735990703,N25E094,34.071998596191406
4424,2012-06-20,26.149,91.7351,Assam,35.029998779296875,26.15000000000001,91.75,1,RECORDED_LANDSLIDE,54.0,1.852254273911334,N26E091,35.573001861572266
NEG_20140508_0228,2014-05-08,21.05,97.3499984741211,NER_BACKGROUND,0.0599999986588954,21.05,97.3499984741211,0,BACKGROUND_NO_RECORDED_LANDSLIDE,1119.0,9.639401488237024,N21E097,22.82999992370605
4383,2012-06-03,25.3056,93.1265,Assam,19.33999824523925,25.35000000000001,93.1500015258789,1,RECORDED_LANDSLIDE,312.0,17.86684892489941,N25E093,39.470001220703125
7837,2015-08-27,23.7269,92.7265,Mizoram,2.495000123977661,23.750000000000004,92.75,1,RECORDED_LANDSLIDE,871.0,25.896232878736683,N23E092,36.18899917602539
5005,2013-07-01,26.72,95.029,Nāgāland,22.955001831054688,26.750000000000004,95.0500030517578,1,RECORDED_LANDSLIDE,690.0,8.43238623760218,N26E095,36.64400100708008
NEG_20140922_0240,2014-09-22,28.35000000000001,89.3499984741211,NER_BACKGROUND,0.0,28.35000000000001,89.3499984741211,0,BACKGROUND_NO_RECORDED_LANDSLIDE,4651.0,6.939407958796708,N28E089,27.5049991607666
NEG_20070909_0015,2007-09-09,22.250000000000004,88.44999694824219,NER_BACKGROUND,6.849999904632568,22.250000000000004,88.44999694824219,0,BACKGROUND_NO_RECORDED_LANDSLIDE,6.0,2.2048515579492607,N22E088,43.67499923706055
NEG_20080819_0033,2008-08-19,23.65000000000001,89.55000305175781,NER_BACKGROUND,19.90500259399414,23.65000000000001,89.55000305175781,0,BACKGROUND_NO_RECORDED_LANDSLIDE,10.0,0.926369172997235,N23E089,43.1259994506836
NEG_20150801_0282,2015-08-01,28.05,92.0500030517578,NER_BACKGROUND,5.74500036239624,28.05,92.0500030517578,0,BACKGROUND_NO_RECORDED_LANDSLIDE,4528.0,25.592639379303844,N28E092,25.68400001525879
NEG_20110816_0153,2011-08-16,29.65000000000001,91.5500030517578,NER_BACKGROUND,4.779999256134033,29.65000000000001,91.5500030517578,0,BACKGROUND_NO_RECORDED_LANDSLIDE,5024.0,15.33859289770442,N29E091,32.29999923706055
3927,2011-08-16,25.5144,90.2167,Meghālaya,77.614990234375,25.55,90.25,1,RECORDED_LANDSLIDE,317.0,13.589593958391731,N25E090,38.025001525878906
NEG_20130715_0197,2013-07-15,21.950000000000006,95.75,NER_BACKGROUND,1.619999885559082,21.950000000000006,95.75,0,BACKGROUND_NO_RECORDED_LANDSLIDE,72.0,2.200999243928988,N21E095,33.02000045776367
NEG_20101009_0118,2010-10-09,30.450000000000006,94.3499984741211,NER_BACKGROUND,1.5200002193450928,30.450000000000006,94.3499984741211,0,BACKGROUND_NO_RECORDED_LANDSLIDE,3179.0,6.0273065127676,N30E094,37.4370002746582
5603,2013-10-13,25.426,94.6024,Manipur,0.7199999094009399,25.450000000000006,94.6500015258789,1,RECORDED_LANDSLIDE,1339.0,11.959364186636996,N25E094,36.244998931884766
NEG_20101008_0112,2010-10-08,29.15000000000001,90.8499984741211,NER_BACKGROUND,1.9850001335144043,29.15000000000001,90.8499984741211,0,BACKGROUND_NO_RECORDED_LANDSLIDE,4576.0,33.84132485782921,N29E090,25.13599967956543
NEG_20160422_0321,2016-04-22,24.750000000000004,93.75,NER_BACKGROUND,8.734999656677246,24.750000000000004,93.75,0,BACKGROUND_NO_RECORDED_LANDSLIDE,1421.0,19.7755499273712,N24E093,38.81999969482422
2426,2010-09-13,22.7176,92.8416,Mizoram,22.09999656677246,22.750000000000004,92.8499984741211,1,RECORDED_LANDSLIDE,733.0,24.51559955702803,N22E092,42.5369987487793
NEG_20100706_0071,2010-07-06,28.950000000000006,90.9499969482422,NER_BACKGROUND,0.1899999976158142,28.950000000000006,90.9499969482422,0,BACKGROUND_NO_RECORDED_LANDSLIDE,4447.0,0.926369172997235,N28E090,21.2450008392334
NEG_20150319_0256,2015-03-19,27.05,92.8499984741211,NER_BACKGROUND,0.0599999986588954,27.05,92.8499984741211,0,BACKGROUND_NO_RECORDED_LANDSLIDE,376.0,8.299384788228984,N27E092,10.02400016784668
NEG_20130407_0180,2013-04-07,25.65000000000001,93.75,NER_BACKGROUND,0.0,25.65000000000001,93.75,0,BACKGROUND_NO_RECORDED_LANDSLIDE,527.0,2.765183798237977,N25E093,21.18600082397461
2106,2010-07-20,26.8716,94.9921,Nāgāland,21.46000099182129,26.85000000000001,94.9499969482422,1,RECORDED_LANDSLIDE,284.0,10.501444158270422,N26E094,37.31499862670898
2578,2010-10-09,25.3179,94.0462,Nāgāland,0.0249999985098838,25.35000000000001,94.0500030517578,1,RECORDED_LANDSLIDE,1002.0,23.248847186308105,N25E094,39.87200164794922
NEG_20100511_0057,2010-05-11,25.450000000000006,95.25,NER_BACKGROUND,2.414999961853028,25.450000000000006,95.25,0,BACKGROUND_NO_RECORDED_LANDSLIDE,227.0,2.250313985847645,N25E095,26.90900039672852
NEG_20160518_0326,2016-05-18,25.65000000000001,95.9499969482422,NER_BACKGROUND,9.4399995803833,25.65000000000001,95.9499969482422,0,BACKGROUND_NO_RECORDED_LANDSLIDE,313.0,21.52044496656461,N25E095,39.77799987792969
2579,2010-10-09,25.682,94.1076,Nāgāland,0.2849999964237213,25.65000000000001,94.1500015258789,1,RECORDED_LANDSLIDE,1442.0,4.9508487656938565,N25E094,39.84099960327149
1770,2010-04-20,26.1965,91.763,Assam,126.22000122070312,26.15000000000001,91.75,1,RECORDED_LANDSLIDE,95.0,2.7771727466475022,N26E091,36.619998931884766
3925,2011-08-15,27.4888,93.0153,Arunāchal Pradesh,10.035000801086426,27.450000000000006,93.0500030517578,1,RECORDED_LANDSLIDE,544.0,28.976817364678165,N27E093,33.92399978637695
NEG_20100420_0053,2010-04-20,24.85000000000001,96.25,NER_BACKGROUND,0.1349999904632568,24.85000000000001,96.25,0,BACKGROUND_NO_RECORDED_LANDSLIDE,1252.0,14.120345327270517,N24E096,30.49399948120117
NEG_20160710_0334,2016-07-10,27.05,92.0500030517578,NER_BACKGROUND,5.455000400543213,27.05,92.0500030517578,0,BACKGROUND_NO_RECORDED_LANDSLIDE,2764.0,51.35662170101968,N27E092,32.17100143432617
5275,2013-08-04,26.1498,94.6055,Nāgāland,53.905006408691406,26.15000000000001,94.6500015258789,1,RECORDED_LANDSLIDE,1704.0,30.86093898912052,N26E094,39.055999755859375
NEG_20150901_0312,2015-09-01,28.65000000000001,93.25,NER_BACKGROUND,13.635000228881836,28.65000000000001,93.25,0,BACKGROUND_NO_RECORDED_LANDSLIDE,4723.0,43.11474015955547,N28E093,35.448001861572266
NEG_20110722_0144,2011-07-22,26.85000000000001,88.3499984741211,NER_BACKGROUND,8.639999389648438,26.85000000000001,88.3499984741211,0,BACKGROUND_NO_RECORDED_LANDSLIDE,454.0,27.99553284384201,N26E088,34.82400131225586
NEG_20101010_0123,2010-10-10,22.55,95.8499984741211,NER_BACKGROUND,15.464999198913574,22.55,95.8499984741211,0,BACKGROUND_NO_RECORDED_LANDSLIDE,142.0,3.700645055238003,N22E095,40.66999816894531
NEG_20130901_0219,2013-09-01,25.55,88.75,NER_BACKGROUND,0.3350000083446502,25.55,88.75,0,BACKGROUND_NO_RECORDED_LANDSLIDE,34.0,2.9603416426663367,N25E088,37.27899932861328
213,2007-08-26,25.2946,92.8339,Assam,19.30499839782715,25.250000000000004,92.8499984741211,1,RECORDED_LANDSLIDE,889.0,17.07308516773084,N25E092,40.09099960327149
NEG_20150905_0314,2015-09-05,21.750000000000004,97.75,NER_BACKGROUND,11.239999771118164,21.750000000000004,97.75,0,BACKGROUND_NO_RECORDED_LANDSLIDE,1214.0,0.9973587404327302,N21E097,32.917999267578125
869,2008-10-29,27.2333,94.1167,Assam,0.0,27.250000000000004,94.1500015258789,1,RECORDED_LANDSLIDE,88.0,2.2793545475188526,N27E094,33.29999923706055
NEG_20100913_0102,2010-09-13,28.55,95.9499969482422,NER_BACKGROUND,0.324999988079071,28.55,95.9499969482422,0,BACKGROUND_NO_RECORDED_LANDSLIDE,3338.0,19.00265625531839,N28E095,31.833999633789062
3789,2011-07-16,27.2743,92.9064,Arunāchal Pradesh,10.355000495910645,27.250000000000004,92.9499969482422,1,RECORDED_LANDSLIDE,640.0,13.108321654365652,N27E092,28.04400062561035
6775,2015-02-14,26.1468,91.6469,Assam,0.0099999997764825,26.15000000000001,91.6500015258789,1,RECORDED_LANDSLIDE,61.0,8.894608374531636,N26E091,16.409000396728516
7336,2015-08-19,25.2193,90.5549,Meghalaya,165.65501403808594,25.250000000000004,90.5500030517578,1,RECORDED_LANDSLIDE,273.0,4.622196164454146,N25E090,40.20700073242188
NEG_20120916_0176,2012-09-16,25.35000000000001,95.75,NER_BACKGROUND,9.769999504089355,25.35000000000001,95.75,0,BACKGROUND_NO_RECORDED_LANDSLIDE,253.0,1.852254273911334,N25E095,37.3390007019043
NEG_20130218_0179,2013-02-18,28.15000000000001,97.6500015258789,NER_BACKGROUND,0.7450000047683716,28.15000000000001,97.6500015258789,0,BACKGROUND_NO_RECORDED_LANDSLIDE,3877.0,38.40721280104504,N28E097,24.67300033569336
NEG_20070911_0018,2007-09-11,22.750000000000004,89.6500015258789,NER_BACKGROUND,5.71999979019165,22.750000000000004,89.6500015258789,0,BACKGROUND_NO_RECORDED_LANDSLIDE,4.0,2.1067676573213,N22E089,35.32699966430664
1935,2010-06-03,23.8986,91.7599,Tripura,55.160003662109375,23.85000000000001,91.75,1,RECORDED_LANDSLIDE,190.0,9.238837475306015,N23E091,35.165000915527344
2567,2010-10-08,25.6633,94.4703,Manipur,62.02999877929688,25.65000000000001,94.4499969482422,1,RECORDED_LANDSLIDE,1452.0,8.21793936850887,N25E094,45.027000427246094
NEG_20130601_0188,2013-06-01,21.750000000000004,97.8499984741211,NER_BACKGROUND,13.565000534057615,21.750000000000004,97.8499984741211,0,BACKGROUND_NO_RECORDED_LANDSLIDE,1197.0,10.04115756674824,N21E097,26.75200080871582
NEG_20120603_0162,2012-06-03,28.55,89.25,NER_BACKGROUND,0.0,28.55,89.25,0,BACKGROUND_NO_RECORDED_LANDSLIDE,4991.0,9.415914495686364,N28E089,22.51000022888184
NEG_20110812_0150,2011-08-12,24.250000000000004,88.3499984741211,NER_BACKGROUND,10.880000114440918,24.250000000000004,88.3499984741211,0,BACKGROUND_NO_RECORDED_LANDSLIDE,20.0,1.374795204419116,N24E088,33.01300048828125
6945,2015-06-19,25.16,93.686,Manipur,4.760000228881836,25.15000000000001,93.6500015258789,1,RECORDED_LANDSLIDE,1022.0,36.10655674778545,N25E093,41.36000061035156
NEG_20140921_0239,2014-09-21,27.250000000000004,96.1500015258789,NER_BACKGROUND,35.29499816894531,27.250000000000004,96.1500015258789,0,BACKGROUND_NO_RECORDED_LANDSLIDE,1036.0,19.19356488093784,N27E096,40.05899810791016
7334,2015-08-18,28.1737,94.7596,Arunachal Pradesh,2.3499996662139893,28.15000000000001,94.75,1,RECORDED_LANDSLIDE,568.0,22.113876912814764,N28E094,27.448999404907227
NEG_20100615_0064,2010-06-15,26.35000000000001,96.3499984741211,NER_BACKGROUND,18.090002059936523,26.35000000000001,96.3499984741211,0,BACKGROUND_NO_RECORDED_LANDSLIDE,571.0,4.157392549336936,N26E096,29.57999992370605
3916,2011-08-13,25.7713,93.8067,Assam,13.929998397827148,25.750000000000004,93.8499984741211,1,RECORDED_LANDSLIDE,237.0,6.172125181758627,N25E093,41.99300003051758
NEG_20100813_0083,2010-08-13,28.55,95.9499969482422,NER_BACKGROUND,6.674999713897705,28.55,95.9499969482422,0,BACKGROUND_NO_RECORDED_LANDSLIDE,3338.0,19.00265625531839,N28E095,29.452999114990234
NEG_20131006_0225,2013-10-06,22.875,88.125,NER_BACKGROUND,22.51999855041504,22.875,88.125,0,BACKGROUND_NO_RECORDED_LANDSLIDE,12.0,0.0,N22E088,37.03499984741211
NEG_20100819_0090,2010-08-19,26.35000000000001,90.8499984741211,NER_BACKGROUND,4.659999847412109,26.35000000000001,90.8499984741211,0,BACKGROUND_NO_RECORDED_LANDSLIDE,43.0,1.0337573410561414,N26E090,34.2239990234375
NEG_20150914_0317,2015-09-14,28.85000000000001,93.4499969482422,NER_BACKGROUND,7.424999713897705,28.85000000000001,93.4499969482422,0,BACKGROUND_NO_RECORDED_LANDSLIDE,3844.0,27.73889051989828,N28E093,32.08700180053711
7263,2015-07-22,25.4477,94.0489,Manipur,6.489999771118164,25.450000000000006,94.0500030517578,1,RECORDED_LANDSLIDE,1328.0,24.119907126086968,N25E094,41.87900161743164
NEG_20150616_0260,2015-06-16,29.65000000000001,88.6500015258789,NER_BACKGROUND,0.0,29.65000000000001,88.6500015258789,0,BACKGROUND_NO_RECORDED_LANDSLIDE,4932.0,34.03546956398928,N29E088,12.385000228881836
NEG_20070826_0009,2007-08-26,21.85000000000001,96.0500030517578,NER_BACKGROUND,3.6550002098083496,21.85000000000001,96.0500030517578,0,BACKGROUND_NO_RECORDED_LANDSLIDE,68.0,0.0,N21E096,41.29399871826172
NEG_20150722_0272,2015-07-22,29.450000000000006,96.3499984741211,NER_BACKGROUND,2.424999952316284,29.450000000000006,96.3499984741211,0,BACKGROUND_NO_RECORDED_LANDSLIDE,4867.0,25.87746855577688,N29E096,48.62699890136719
1084,2009-08-12,27.7,92.8,Arunāchal Pradesh,122.2800064086914,27.65000000000001,92.8499984741211,1,RECORDED_LANDSLIDE,2442.0,17.488372713621818,N27E092,34.426998138427734
3560,2011-05-31,24.8286,93.5935,Manipur,28.224998474121094,24.85000000000001,93.5500030517578,1,RECORDED_LANDSLIDE,735.0,37.974740545343984,N24E093,39.38399887084961
NEG_20100706_0073,2010-07-06,23.950000000000006,90.4499969482422,NER_BACKGROUND,0.0249999985098838,23.950000000000006,90.4499969482422,0,BACKGROUND_NO_RECORDED_LANDSLIDE,5.0,0.926369172997235,N23E090,33.321998596191406
NEG_20100616_0066,2010-06-16,25.15000000000001,94.6500015258789,NER_BACKGROUND,13.710000991821287,25.15000000000001,94.6500015258789,0,BACKGROUND_NO_RECORDED_LANDSLIDE,2347.0,23.453923349588067,N25E094,37.0620002746582
NEG_20110711_0138,2011-07-11,25.750000000000004,89.25,NER_BACKGROUND,12.204999923706056,25.750000000000004,89.25,0,BACKGROUND_NO_RECORDED_LANDSLIDE,36.0,0.926369172997235,N25E089,33.35599899291992
7778,2015-08-26,23.8447,93.0514,Mizoram,6.619999885559082,23.85000000000001,93.0500030517578,1,RECORDED_LANDSLIDE,1089.0,27.86746422818901,N23E093,39.29600143432617
5123,2013-07-17,25.7131,94.0885,Nāgāland,1.3649998903274536,25.750000000000004,94.0500030517578,1,RECORDED_LANDSLIDE,1418.0,25.13266008173056,N25E094,37.33300018310547
NEG_20070523_0001,2007-05-23,21.85000000000001,92.3499984741211,NER_BACKGROUND,0.449999988079071,21.85000000000001,92.3499984741211,0,BACKGROUND_NO_RECORDED_LANDSLIDE,450.0,8.358790974273553,N21E092,29.780000686645508
NEG_20110813_0151,2011-08-13,30.15000000000001,91.9499969482422,NER_BACKGROUND,0.3949999809265136,30.15000000000001,91.9499969482422,0,BACKGROUND_NO_RECORDED_LANDSLIDE,5315.0,21.84699292998249,N30E091,25.88999938964844
3840,2011-07-25,24.6869,93.9157,Manipur,7.885000228881836,24.65000000000001,93.9499969482422,1,RECORDED_LANDSLIDE,781.0,0.0,N24E093,30.808000564575195
NEG_20100912_0100,2010-09-12,28.250000000000004,95.9499969482422,NER_BACKGROUND,2.375,28.250000000000004,95.9499969482422,0,BACKGROUND_NO_RECORDED_LANDSLIDE,1881.0,13.421358292210256,N28E095,32.604000091552734
NEG_20150819_0300,2015-08-19,23.15000000000001,91.5500030517578,NER_BACKGROUND,45.124996185302734,23.15000000000001,91.5500030517578,0,BACKGROUND_NO_RECORDED_LANDSLIDE,99.0,11.840964063837156,N23E091,29.09000015258789
NEG_20120914_0175,2012-09-14,22.65000000000001,95.0500030517578,NER_BACKGROUND,7.980000972747803,22.65000000000001,95.0500030517578,0,BACKGROUND_NO_RECORDED_LANDSLIDE,177.0,2.21009361982116,N22E095,36.28799819946289
NEG_20100628_0069,2010-06-28,27.05,89.6500015258789,NER_BACKGROUND,2.554999828338623,27.05,89.6500015258789,0,BACKGROUND_NO_RECORDED_LANDSLIDE,3202.0,26.55179379661516,N27E089,36.41999816894531
NEG_20100820_0092,2010-08-20,22.35000000000001,90.1500015258789,NER_BACKGROUND,3.25,22.35000000000001,90.1500015258789,0,BACKGROUND_NO_RECORDED_LANDSLIDE,8.0,6.10154705703735,N22E090,33.13800048828125
NEG_20150725_0274,2015-07-25,25.950000000000006,89.05000305175781,NER_BACKGROUND,2.504999876022339,25.950000000000006,89.05000305175781,0,BACKGROUND_NO_RECORDED_LANDSLIDE,46.0,3.2234449914518444,N25E089,32.803001403808594
3860,2011-07-29,25.4192,94.108,Nāgāland,2.7249999046325684,25.450000000000006,94.1500015258789,1,RECORDED_LANDSLIDE,1393.0,14.27107053574802,N25E094,36.922000885009766
NEG_20130717_0199,2013-07-17,26.65000000000001,88.55000305175781,NER_BACKGROUND,62.93999481201172,26.65000000000001,88.55000305175781,0,BACKGROUND_NO_RECORDED_LANDSLIDE,105.0,2.1221680378641765,N26E088,29.090999603271484
9604,2016-10-12,27.2676,88.2891,Sikkim,14.229999542236328,27.250000000000004,88.25,1,RECORDED_LANDSLIDE,614.0,48.99498819683531,N27E088,25.202999114990234
NEG_20101008_0113,2010-10-08,23.15000000000001,96.3499984741211,NER_BACKGROUND,38.16499710083008,23.15000000000001,96.3499984741211,0,BACKGROUND_NO_RECORDED_LANDSLIDE,202.0,5.03856695539574,N23E096,36.29999923706055
9336,2016-05-18,24.5308,92.5121,Assam,50.285003662109375,24.55,92.5500030517578,1,RECORDED_LANDSLIDE,61.0,10.280713071431196,N24E092,40.005001068115234
4861,2013-05-12,24.9926,93.4946,Assam,0.7350000143051147,24.950000000000006,93.4499969482422,1,RECORDED_LANDSLIDE,1141.0,4.479758474096997,N24E093,41.152000427246094
2743,2010-11-22,27.5798729,91.85672387,Arunāchal Pradesh,2.7400002479553223,27.55,91.8499984741211,1,RECORDED_LANDSLIDE,2746.0,23.60412220046119,N27E091,24.145000457763672
NEG_20140922_0245,2014-09-22,26.85000000000001,94.25,NER_BACKGROUND,36.31999588012695,26.85000000000001,94.25,0,BACKGROUND_NO_RECORDED_LANDSLIDE,85.0,2.2728752644917947,N26E094,34.09299850463867
2392,2010-09-04,27.3702,88.7334,Sikkim,3.2599997520446777,27.35000000000001,88.75,1,RECORDED_LANDSLIDE,3523.0,13.824212020761683,N27E088,29.03700065612793
3830,2011-07-22,24.3527,94.3429,Manipur,3.1349997520446777,24.35000000000001,94.3499984741211,1,RECORDED_LANDSLIDE,288.0,13.266819111186056,N24E094,39.84700012207031
6288,2014-09-22,26.1985,91.7998,Assam,170.47999572753906,26.15000000000001,91.75,1,RECORDED_LANDSLIDE,83.0,10.286118871948458,N26E091,40.165000915527344
NEG_20150923_0318,2015-09-23,22.15000000000001,94.4499969482422,NER_BACKGROUND,0.0,22.15000000000001,94.4499969482422,0,BACKGROUND_NO_RECORDED_LANDSLIDE,550.0,18.291036652436567,N22E094,28.910999298095703
5122,2013-07-17,25.7658,93.9413,Nāgāland,2.694999933242798,25.750000000000004,93.9499969482422,1,RECORDED_LANDSLIDE,813.0,44.2276920510005,N25E093,36.108001708984375
7383,2015-08-01,23.899,94.1434,Manipur,6.029999732971191,23.85000000000001,94.1500015258789,1,RECORDED_LANDSLIDE,263.0,13.342372695937204,N23E094,35.10300064086914
7665,2015-08-11,24.7016,93.5291,Manipur,1.3450000286102295,24.750000000000004,93.5500030517578,1,RECORDED_LANDSLIDE,661.0,12.984858642158148,N24E093,38.435001373291016
NEG_20100402_0050,2010-04-02,27.450000000000006,93.5500030517578,NER_BACKGROUND,0.3349999785423279,27.450000000000006,93.5500030517578,0,BACKGROUND_NO_RECORDED_LANDSLIDE,1758.0,16.805609358329185,N27E093,25.655000686645508
2587,2010-10-10,25.6623,94.1072,Nāgāland,0.0249999985098838,25.65000000000001,94.1500015258789,1,RECORDED_LANDSLIDE,1386.0,9.350342558119696,N25E094,38.48400115966797
4859,2013-05-11,26.1771,91.7599,Assam,23.36999893188477,26.15000000000001,91.75,1,RECORDED_LANDSLIDE,84.0,8.895692965992287,N26E091,35.43000030517578
5269,2013-08-04,25.8376,94.5234,Nāgāland,42.5,25.85000000000001,94.5500030517578,1,RECORDED_LANDSLIDE,804.0,2.767591398229724,N25E094,40.11899948120117
NEG_20100817_0088,2010-08-17,28.450000000000006,90.75,NER_BACKGROUND,13.26999855041504,28.450000000000006,90.75,0,BACKGROUND_NO_RECORDED_LANDSLIDE,5192.0,10.420583546850803,N28E090,33.47800064086914
6289,2014-09-22,26.1001,91.6849,Assam,180.3050079345703,26.15000000000001,91.6500015258789,1,RECORDED_LANDSLIDE,86.0,24.925661978622223,N26E091,40.30199813842773
NEG_20100615_0065,2010-06-15,27.35000000000001,97.5500030517578,NER_BACKGROUND,17.104997634887695,27.35000000000001,97.5500030517578,0,BACKGROUND_NO_RECORDED_LANDSLIDE,425.0,15.950601979690363,N27E097,30.113000869750977
NEG_20150722_0271,2015-07-22,21.85000000000001,93.25,NER_BACKGROUND,5.140000343322754,21.85000000000001,93.25,0,BACKGROUND_NO_RECORDED_LANDSLIDE,953.0,6.244180016359342,N21E093,39.64500045776367
3633,2011-06-20,26.3186,94.5121,Nāgāland,78.33999633789062,26.35000000000001,94.5500030517578,1,RECORDED_LANDSLIDE,1256.0,14.80546141353928,N26E094,42.39899826049805
NEG_20100417_0052,2010-04-17,29.750000000000004,94.6500015258789,NER_BACKGROUND,5.169999599456787,29.750000000000004,94.6500015258789,0,BACKGROUND_NO_RECORDED_LANDSLIDE,4441.0,26.6226679449848,N29E094,43.77799987792969
NEG_20130804_0202,2013-08-04,24.250000000000004,94.3499984741211,NER_BACKGROUND,1.9100000858306885,24.250000000000004,94.3499984741211,0,BACKGROUND_NO_RECORDED_LANDSLIDE,165.0,2.232302570300324,N24E094,38.77299880981445
NEG_20130701_0194,2013-07-01,25.65000000000001,92.4499969482422,NER_BACKGROUND,1.579999923706055,25.65000000000001,92.4499969482422,0,BACKGROUND_NO_RECORDED_LANDSLIDE,796.0,3.452645272142349,N25E092,33.05699920654297
5442,2013-09-02,27.1614,93.7525,Arunāchal Pradesh,16.780000686645508,27.15000000000001,93.75,1,RECORDED_LANDSLIDE,153.0,3.1207434178512083,N27E093,33.380001068115234
NEG_20150801_0287,2015-08-01,29.950000000000006,88.94999694824219,NER_BACKGROUND,3.9700002670288086,29.950000000000006,88.94999694824219,0,BACKGROUND_NO_RECORDED_LANDSLIDE,5349.0,20.77265103747148,N29E088,26.43199920654297
NEG_20130508_0182,2013-05-08,27.35000000000001,89.75,NER_BACKGROUND,0.0,27.35000000000001,89.75,0,BACKGROUND_NO_RECORDED_LANDSLIDE,3409.0,24.767918687211672,N27E089,24.62700080871582
NEG_20150801_0290,2015-08-01,24.950000000000006,92.5500030517578,NER_BACKGROUND,13.81999969482422,24.950000000000006,92.5500030517578,0,BACKGROUND_NO_RECORDED_LANDSLIDE,21.0,6.153866544922511,N24E092,42.35599899291992
NEG_20130607_0189,2013-06-07,28.250000000000004,88.75,NER_BACKGROUND,0.0,28.250000000000004,88.75,0,BACKGROUND_NO_RECORDED_LANDSLIDE,4780.0,5.029127946312451,N28E088,17.85700035095215
NEG_20081029_0036,2008-10-29,24.35000000000001,89.55000305175781,NER_BACKGROUND,0.0,24.35000000000001,89.55000305175781,0,BACKGROUND_NO_RECORDED_LANDSLIDE,13.0,0.926369172997235,N24E089,32.61199951171875
NEG_20160614_0329,2016-06-14,29.750000000000004,96.9499969482422,NER_BACKGROUND,0.9149999618530272,29.750000000000004,96.9499969482422,0,BACKGROUND_NO_RECORDED_LANDSLIDE,5548.0,47.20992302915263,N29E096,26.28199958801269
NEG_20120602_0159,2012-06-02,30.250000000000004,88.94999694824219,NER_BACKGROUND,0.0399999991059303,30.250000000000004,88.94999694824219,0,BACKGROUND_NO_RECORDED_LANDSLIDE,5185.0,2.976414713871603,N30E088,12.034000396728516
7264,2015-07-22,25.4538,93.9827,Manipur,8.769999504089355,25.450000000000006,93.9499969482422,1,RECORDED_LANDSLIDE,1779.0,24.17357170238777,N25E093,41.494998931884766
NEG_20100819_0091,2010-08-19,25.35000000000001,92.0500030517578,NER_BACKGROUND,16.639999389648438,25.35000000000001,92.0500030517578,0,BACKGROUND_NO_RECORDED_LANDSLIDE,1316.0,5.810843704896344,N25E092,38.130001068115234
NEG_20110724_0146,2011-07-24,30.15000000000001,89.94999694824219,NER_BACKGROUND,2.119999885559082,30.15000000000001,89.94999694824219,0,BACKGROUND_NO_RECORDED_LANDSLIDE,5022.0,2.139361622081451,N30E089,29.98099899291992
2570,2010-10-08,24.837,93.9128,Manipur,75.5149917602539,24.85000000000001,93.9499969482422,1,RECORDED_LANDSLIDE,796.0,17.946031415771497,N24E093,43.650001525878906
6110,2014-06-27,26.1619,91.7697,Assam,9.095000267028809,26.15000000000001,91.75,1,RECORDED_LANDSLIDE,56.0,1.852254273911334,N26E091,35.85900115966797
NEG_20150613_0259,2015-06-13,25.950000000000006,89.6500015258789,NER_BACKGROUND,9.744999885559082,25.950000000000006,89.6500015258789,0,BACKGROUND_NO_RECORDED_LANDSLIDE,30.0,1.0302207741262113,N25E089,37.45700073242188
NEG_20071016_0023,2007-10-16,26.250000000000004,88.3499984741211,NER_BACKGROUND,0.0,26.250000000000004,88.3499984741211,0,BACKGROUND_NO_RECORDED_LANDSLIDE,66.0,3.605859445504048,N26E088,32.16699981689453
6112,2014-06-28,26.1964,91.7652,Assam,0.5349999666213989,26.15000000000001,91.75,1,RECORDED_LANDSLIDE,81.0,12.910612429743768,N26E091,35.275001525878906
NEG_20140509_0229,2014-05-09,29.55,89.8499984741211,NER_BACKGROUND,0.5550000071525574,29.55,89.8499984741211,0,BACKGROUND_NO_RECORDED_LANDSLIDE,5493.0,26.23062568118862,N29E089,20.575000762939453
8339,2015-09-23,26.1666,91.7042,Assam,79.65498352050781,26.15000000000001,91.75,1,RECORDED_LANDSLIDE,236.0,17.151823509523624,N26E091,34.18899917602539
NEG_20100603_0060,2010-06-03,27.55,93.25,NER_BACKGROUND,10.27500057220459,27.55,93.25,0,BACKGROUND_NO_RECORDED_LANDSLIDE,1666.0,22.12231143013876,N27E093,31.76099967956543
NEG_20150731_0276,2015-07-31,25.450000000000006,97.3499984741211,NER_BACKGROUND,7.489999771118164,25.450000000000006,97.3499984741211,0,BACKGROUND_NO_RECORDED_LANDSLIDE,145.0,1.0259039644052512,N25E097,36.15700149536133
NEG_20070826_0008,2007-08-26,22.85000000000001,96.3499984741211,NER_BACKGROUND,11.05000114440918,22.85000000000001,96.3499984741211,0,BACKGROUND_NO_RECORDED_LANDSLIDE,766.0,26.622431337611896,N22E096,40.58000183105469
6968,2015-06-13,25.463,92.2121,Meghalaya,54.63500213623047,25.450000000000006,92.25,1,RECORDED_LANDSLIDE,1385.0,2.117093818638704,N25E092,41.917999267578125
7371,2015-08-01,23.9939,94.0573,Manipur,6.684999465942383,23.950000000000006,94.0500030517578,1,RECORDED_LANDSLIDE,981.0,12.803323355556538,N23E094,35.10300064086914
NEG_20080520_0026,2008-05-20,23.15000000000001,92.75,NER_BACKGROUND,2.5349998474121094,23.15000000000001,92.75,0,BACKGROUND_NO_RECORDED_LANDSLIDE,878.0,23.442078859862512,N23E092,34.70800018310547
NEG_20080828_0034,2008-08-28,26.950000000000006,94.9499969482422,NER_BACKGROUND,11.445000648498535,26.950000000000006,94.9499969482422,0,BACKGROUND_NO_RECORDED_LANDSLIDE,159.0,9.07900265390921,N26E094,37.803001403808594
5582,2013-10-06,26.1309,91.8383,Assam,21.14000129699707,26.15000000000001,91.8499984741211,1,RECORDED_LANDSLIDE,107.0,8.517835654237123,N26E091,36.150001525878906
NEG_20150914_0316,2015-09-14,22.250000000000004,91.8499984741211,NER_BACKGROUND,1.404999852180481,22.250000000000004,91.8499984741211,0,BACKGROUND_NO_RECORDED_LANDSLIDE,23.0,6.054296458025016,N22E091,37.70299911499024
NEG_20130902_0221,2013-09-02,24.15000000000001,89.75,NER_BACKGROUND,1.875,24.15000000000001,89.75,0,BACKGROUND_NO_RECORDED_LANDSLIDE,9.0,2.7771727466475022,N24E089,35.59400177001953
NEG_20101009_0122,2010-10-09,25.85000000000001,95.9499969482422,NER_BACKGROUND,1.3049999475479126,25.85000000000001,95.9499969482422,0,BACKGROUND_NO_RECORDED_LANDSLIDE,548.0,15.481098543554817,N25E095,39.71500015258789
9464,2016-08-05,27.5754,91.9754,Arunachal Pradesh,0.9200000166893004,27.55,91.9499969482422,1,RECORDED_LANDSLIDE,2412.0,26.864068197615136,N27E091,30.21999931335449
NEG_20110906_0155,2011-09-06,27.65000000000001,94.1500015258789,NER_BACKGROUND,48.74000549316406,27.65000000000001,94.1500015258789,0,BACKGROUND_NO_RECORDED_LANDSLIDE,1512.0,28.078196868142392,N27E094,35.18199920654297
NEG_20160719_0341,2016-07-19,24.950000000000006,89.94999694824219,NER_BACKGROUND,22.79999732971192,24.950000000000006,89.94999694824219,0,BACKGROUND_NO_RECORDED_LANDSLIDE,16.0,2.9585967766098547,N24E089,34.7869987487793
NEG_20150818_0298,2015-08-18,25.750000000000004,91.5500030517578,NER_BACKGROUND,172.64500427246094,25.750000000000004,91.5500030517578,0,BACKGROUND_NO_RECORDED_LANDSLIDE,650.0,12.87479779503459,N25E091,30.256000518798828
NEG_20150801_0281,2015-08-01,21.85000000000001,96.0500030517578,NER_BACKGROUND,7.989999771118164,21.85000000000001,96.0500030517578,0,BACKGROUND_NO_RECORDED_LANDSLIDE,68.0,0.0,N21E096,42.89699935913086
NEG_20140922_0247,2014-09-22,29.750000000000004,88.75,NER_BACKGROUND,0.25,29.750000000000004,88.75,0,BACKGROUND_NO_RECORDED_LANDSLIDE,4742.0,32.84507684153366,N29E088,26.923999786376957
NEG_20130804_0206,2013-08-04,26.85000000000001,93.25,NER_BACKGROUND,0.1899999976158142,26.85000000000001,93.25,0,BACKGROUND_NO_RECORDED_LANDSLIDE,92.0,3.246556734394911,N26E093,33.95899963378906
2247,2010-08-14,26.148,94.8422,Nāgāland,44.21500778198242,26.15000000000001,94.8499984741211,1,RECORDED_LANDSLIDE,1513.0,33.88948141819591,N26E094,38.9119987487793
6284,2014-09-22,26.1324,91.8342,Assam,161.239990234375,26.15000000000001,91.8499984741211,1,RECORDED_LANDSLIDE,69.0,2.7771727466475022,N26E091,40.165000915527344
4378,2012-06-02,28.8254,96.1517,Arunachal Pradesh,11.03499984741211,28.85000000000001,96.1500015258789,1,RECORDED_LANDSLIDE,3601.0,22.24113016889097,N28E096,29.371999740600582
NEG_20120705_0174,2012-07-05,26.15000000000001,94.8499984741211,NER_BACKGROUND,5.00499963760376,26.15000000000001,94.8499984741211,0,BACKGROUND_NO_RECORDED_LANDSLIDE,1705.0,33.383313119189935,N26E094,40.15599822998047
870,2008-10-29,27.4,92.35,Arunāchal Pradesh,0.6749999523162842,27.35000000000001,92.3499984741211,1,RECORDED_LANDSLIDE,2624.0,27.60616139709439,N27E092,31.43400001525879
NEG_20130607_0190,2013-06-07,24.950000000000006,90.9499969482422,NER_BACKGROUND,25.65500259399414,24.950000000000006,90.9499969482422,0,BACKGROUND_NO_RECORDED_LANDSLIDE,8.0,2.1150093284289144,N24E090,33.64899826049805
4435,2012-06-25,27.174,95.8011,Arunāchal Pradesh,35.71500015258789,27.15000000000001,95.8499984741211,1,RECORDED_LANDSLIDE,296.0,1.041280595140532,N27E095,40.82899856567383
NEG_20140923_0249,2014-09-23,23.950000000000006,89.44999694824219,NER_BACKGROUND,0.7849999666213989,23.950000000000006,89.44999694824219,0,BACKGROUND_NO_RECORDED_LANDSLIDE,12.0,2.227984065096032,N23E089,35.69300079345703
NEG_20140922_0241,2014-09-22,29.950000000000006,89.75,NER_BACKGROUND,0.7649999856948853,29.950000000000006,89.75,0,BACKGROUND_NO_RECORDED_LANDSLIDE,5321.0,19.77147107963072,N29E089,24.21299934387207
NEG_20150827_0310,2015-08-27,26.55,93.1500015258789,NER_BACKGROUND,33.42499542236328,26.55,93.1500015258789,0,BACKGROUND_NO_RECORDED_LANDSLIDE,109.0,12.369538456311613,N26E093,34.141998291015625
2345,2010-08-27,27.3392,88.6188,Sikkim,16.084999084472656,27.35000000000001,88.6500015258789,1,RECORDED_LANDSLIDE,1862.0,28.525829141462467,N27E088,31.350000381469727
NEG_20130816_0213,2013-08-16,23.55,97.6500015258789,NER_BACKGROUND,10.734999656677246,23.55,97.6500015258789,0,BACKGROUND_NO_RECORDED_LANDSLIDE,1593.0,19.889689009930777,N23E097,38.52999877929688
6283,2014-09-22,26.1314,91.7548,Assam,170.47999572753906,26.15000000000001,91.75,1,RECORDED_LANDSLIDE,76.0,7.148839105606214,N26E091,40.165000915527344
NEG_20131005_0224,2013-10-05,25.15000000000001,92.8499984741211,NER_BACKGROUND,14.799999237060549,25.15000000000001,92.8499984741211,0,BACKGROUND_NO_RECORDED_LANDSLIDE,1117.0,12.84481091608579,N25E092,41.74599838256836
NEG_20101003_0110,2010-10-03,30.450000000000006,91.0500030517578,NER_BACKGROUND,0.0,30.450000000000006,91.0500030517578,0,BACKGROUND_NO_RECORDED_LANDSLIDE,4257.0,1.852254273911334,N30E091,26.42799949645996
NEG_20130804_0203,2013-08-04,26.55,92.8499984741211,NER_BACKGROUND,0.0,26.55,92.8499984741211,0,BACKGROUND_NO_RECORDED_LANDSLIDE,74.0,0.926369172997235,N26E092,31.643999099731445
NEG_20160728_0345,2016-07-28,28.65000000000001,94.8499984741211,NER_BACKGROUND,83.56999969482422,28.65000000000001,94.8499984741211,0,BACKGROUND_NO_RECORDED_LANDSLIDE,2046.0,21.43882891033021,N28E094,29.957000732421875
5274,2013-08-04,26.0838,94.564,Nāgāland,55.719993591308594,26.05,94.5500030517578,1,RECORDED_LANDSLIDE,1838.0,13.9074099893744,N26E094,39.055999755859375
NEG_20090820_0042,2009-08-20,28.450000000000006,90.6500015258789,NER_BACKGROUND,0.0,28.450000000000006,90.6500015258789,0,BACKGROUND_NO_RECORDED_LANDSLIDE,5568.0,11.33834925341532,N28E090,31.78300094604492
NEG_20091005_0047,2009-10-05,26.250000000000004,89.44999694824219,NER_BACKGROUND,1.4299999475479126,26.250000000000004,89.44999694824219,0,BACKGROUND_NO_RECORDED_LANDSLIDE,39.0,2.065061543649253,N26E089,32.073001861572266
NEG_20150219_0255,2015-02-19,30.05,93.4499969482422,NER_BACKGROUND,0.0,30.05,93.4499969482422,0,BACKGROUND_NO_RECORDED_LANDSLIDE,4454.0,38.78612055772946,N30E093,13.184000015258787
5430,2013-09-01,24.9037,93.487,Manipur,16.564998626708984,24.950000000000006,93.4499969482422,1,RECORDED_LANDSLIDE,1251.0,32.47374462015055,N24E093,36.39899826049805
142,2007-07-27,25.5212,90.232,Meghālaya,79.05500030517578,25.55,90.25,1,RECORDED_LANDSLIDE,581.0,20.309247989722795,N25E090,35.202999114990234
NEG_20150731_0275,2015-07-31,23.950000000000006,96.1500015258789,NER_BACKGROUND,17.30499839782715,23.950000000000006,96.1500015258789,0,BACKGROUND_NO_RECORDED_LANDSLIDE,358.0,15.490792428909296,N23E096,42.76499938964844
NEG_20130712_0196,2013-07-12,22.35000000000001,94.5500030517578,NER_BACKGROUND,0.0099999997764825,22.35000000000001,94.5500030517578,0,BACKGROUND_NO_RECORDED_LANDSLIDE,490.0,5.4413629639176255,N22E094,28.84199905395508
2411,2010-09-10,27.0011,93.7273,Arunāchal Pradesh,139.0399932861328,27.05,93.75,1,RECORDED_LANDSLIDE,106.0,2.27541360631844,N27E093,43.09099960327149
NEG_20130924_0223,2013-09-24,29.05,96.0500030517578,NER_BACKGROUND,0.0299999993294477,29.05,96.0500030517578,0,BACKGROUND_NO_RECORDED_LANDSLIDE,3875.0,22.20561429697488,N29E096,27.34000015258789
NEG_20100421_0056,2010-04-21,29.65000000000001,89.05000305175781,NER_BACKGROUND,0.0,29.65000000000001,89.05000305175781,0,BACKGROUND_NO_RECORDED_LANDSLIDE,4235.0,29.21630527678548,N29E089,17.34600067138672
NEG_20110815_0152,2011-08-15,24.450000000000006,94.1500015258789,NER_BACKGROUND,17.344999313354492,24.450000000000006,94.1500015258789,0,BACKGROUND_NO_RECORDED_LANDSLIDE,1170.0,35.096136103539735,N24E094,38.37099838256836
1596,2010-03-27,24.7339,93.9161,Manipur,1.5900001525878906,24.750000000000004,93.9499969482422,1,RECORDED_LANDSLIDE,883.0,14.246892585891938,N24E093,16.174999237060547
731,2008-08-19,26.138,94.25,Nāgāland,3.865000247955322,26.15000000000001,94.25,1,RECORDED_LANDSLIDE,1019.0,12.074502330273894,N26E094,39.8849983215332
5271,2013-08-04,26.284,94.5808,Nāgāland,20.505001068115234,26.250000000000004,94.5500030517578,1,RECORDED_LANDSLIDE,732.0,28.13851561288479,N26E094,39.165000915527344
3683,2011-07-01,25.8782,94.1739,Nāgāland,10.789999961853027,25.85000000000001,94.1500015258789,1,RECORDED_LANDSLIDE,1354.0,23.36421636275217,N25E094,39.28200149536133
585,2008-06-14,27.0998,93.6287,Arunāchal Pradesh,73.52999114990234,27.05,93.6500015258789,1,RECORDED_LANDSLIDE,407.0,7.160045497826495,N27E093,44.10900115966797
NEG_20150715_0266,2015-07-15,23.85000000000001,90.3499984741211,NER_BACKGROUND,50.86500549316406,23.85000000000001,90.3499984741211,0,BACKGROUND_NO_RECORDED_LANDSLIDE,5.0,1.0128429322088843,N23E090,40.58100128173828
6106,2014-06-26,26.1407,91.7645,Assam,42.61000061035156,26.15000000000001,91.75,1,RECORDED_LANDSLIDE,62.0,2.96212250130175,N26E091,33.180999755859375
NEG_20110715_0139,2011-07-15,25.250000000000004,89.6500015258789,NER_BACKGROUND,13.774999618530272,25.250000000000004,89.6500015258789,0,BACKGROUND_NO_RECORDED_LANDSLIDE,24.0,2.247228792528852,N25E089,32.86800003051758
NEG_20080614_0028,2008-06-14,26.250000000000004,92.1500015258789,NER_BACKGROUND,24.16499710083008,26.250000000000004,92.1500015258789,0,BACKGROUND_NO_RECORDED_LANDSLIDE,55.0,2.262996635354318,N26E092,34.20199966430664
7387,2015-08-01,24.954,94.2156,Manipur,13.285001754760742,24.950000000000006,94.25,1,RECORDED_LANDSLIDE,931.0,20.94185253514824,N24E094,41.792999267578125
NEG_20100628_0068,2010-06-28,28.950000000000006,90.5500030517578,NER_BACKGROUND,0.1349999904632568,28.950000000000006,90.5500030517578,0,BACKGROUND_NO_RECORDED_LANDSLIDE,4431.0,0.0,N28E090,26.545000076293945
NEG_20090820_0041,2009-08-20,29.450000000000006,97.8499984741211,NER_BACKGROUND,0.0,29.450000000000006,97.8499984741211,0,BACKGROUND_NO_RECORDED_LANDSLIDE,4384.0,53.62248039521882,N29E097,31.701000213623047
NEG_20140922_0242,2014-09-22,22.05,89.6500015258789,NER_BACKGROUND,47.244998931884766,22.05,89.6500015258789,0,BACKGROUND_NO_RECORDED_LANDSLIDE,12.0,2.7236992258779766,N22E089,44.98099899291992
NEG_20110729_0148,2011-07-29,24.250000000000004,91.75,NER_BACKGROUND,16.57000160217285,24.250000000000004,91.75,0,BACKGROUND_NO_RECORDED_LANDSLIDE,35.0,6.073801358299274,N24E091,32.744998931884766
3776,2011-07-15,27.125,93.7145,Arunāchal Pradesh,36.45999526977539,27.15000000000001,93.75,1,RECORDED_LANDSLIDE,129.0,5.56896198426521,N27E093,40.85499954223633
1961,2010-06-09,25.8833,91.2,Meghālaya,24.67000198364257,25.85000000000001,91.1500015258789,1,RECORDED_LANDSLIDE,256.0,26.701404884610746,N25E091,35.75400161743164
NEG_20101009_0121,2010-10-09,22.15000000000001,95.6500015258789,NER_BACKGROUND,4.135000228881836,22.15000000000001,95.6500015258789,0,BACKGROUND_NO_RECORDED_LANDSLIDE,84.0,2.7771727466475022,N22E095,42.29800033569336
3556,2011-05-31,25.1555,93.8474,Manipur,51.29499816894531,25.15000000000001,93.8499984741211,1,RECORDED_LANDSLIDE,1379.0,42.92624892146026,N25E093,38.82699966430664
NEG_20160707_0332,2016-07-07,26.35000000000001,89.75,NER_BACKGROUND,2.129999876022339,26.35000000000001,89.75,0,BACKGROUND_NO_RECORDED_LANDSLIDE,40.0,2.120851714237676,N26E089,33.74700164794922
NEG_20120622_0170,2012-06-22,27.750000000000004,88.25,NER_BACKGROUND,20.57000160217285,27.750000000000004,88.25,0,BACKGROUND_NO_RECORDED_LANDSLIDE,4924.0,3.1374124482619163,N27E088,24.82699966430664
1987,2010-06-15,25.2269,93.1658,Assam,8.834999084472656,25.250000000000004,93.1500015258789,1,RECORDED_LANDSLIDE,396.0,2.9593941376249964,N25E093,37.1609992980957
252,2007-09-09,25.4993,94.1192,Nāgāland,5.614999294281006,25.450000000000006,94.1500015258789,1,RECORDED_LANDSLIDE,1948.0,11.543842645525167,N25E094,38.62699890136719
4241,2012-03-04,25.1604,93.6795,Manipur,0.3199999928474426,25.15000000000001,93.6500015258789,1,RECORDED_LANDSLIDE,1095.0,12.975482111654207,N25E093,26.420000076293945
1112,2009-08-20,27.1761,88.5287,Sikkim,25.66500473022461,27.15000000000001,88.55000305175781,1,RECORDED_LANDSLIDE,299.0,10.768510295209571,N27E088,33.516998291015625
NEG_20110719_0142,2011-07-19,23.250000000000004,92.4499969482422,NER_BACKGROUND,7.535000324249268,23.250000000000004,92.4499969482422,0,BACKGROUND_NO_RECORDED_LANDSLIDE,322.0,15.009117917432423,N23E092,34.14500045776367
NEG_20080615_0029,2008-06-15,29.450000000000006,92.0500030517578,NER_BACKGROUND,0.0,29.450000000000006,92.0500030517578,0,BACKGROUND_NO_RECORDED_LANDSLIDE,5242.0,38.41853129796986,N29E092,28.05699920654297
4892,2013-06-01,27.8776,94.25,Arunāchal Pradesh,4.255000114440918,27.85000000000001,94.25,1,RECORDED_LANDSLIDE,953.0,42.26732210621416,N27E094,29.86599922180176
5431,2013-09-01,24.9829,93.5063,Assam,19.55499839782715,24.950000000000006,93.5500030517578,1,RECORDED_LANDSLIDE,1311.0,31.44272371697256,N24E093,36.48699951171875
1771,2010-04-20,26.1978,91.7665,Assam,126.22000122070312,26.15000000000001,91.75,1,RECORDED_LANDSLIDE,92.0,18.979049044864023,N26E091,36.619998931884766
9010,2016-07-16,27.3034,93.804,Arunachal Pradesh,84.25,27.35000000000001,93.8499984741211,1,RECORDED_LANDSLIDE,740.0,48.95219701632973,N27E093,32.512001037597656
7887,2015-08-16,27.8835,96.9262,Arunachal Pradesh,0.4049999713897705,27.85000000000001,96.9499969482422,1,RECORDED_LANDSLIDE,980.0,39.35204569756175,N27E096,32.73400115966797
6214,2014-10-05,25.9702,91.8587,Meghalaya,0.0,25.950000000000006,91.8499984741211,1,RECORDED_LANDSLIDE,286.0,9.707649981037308,N25E091,27.58699989318848
NEG_20101008_0111,2010-10-08,28.85000000000001,91.4499969482422,NER_BACKGROUND,1.5899999141693115,28.85000000000001,91.4499969482422,0,BACKGROUND_NO_RECORDED_LANDSLIDE,4524.0,2.971148854745909,N28E091,26.698999404907227
NEG_20100913_0105,2010-09-13,26.55,89.3499984741211,NER_BACKGROUND,1.2699999809265137,26.55,89.3499984741211,0,BACKGROUND_NO_RECORDED_LANDSLIDE,63.0,2.267896088302078,N26E089,34.57699966430664
NEG_20161012_0349,2016-10-12,21.15000000000001,94.8499984741211,NER_BACKGROUND,0.0,21.15000000000001,94.8499984741211,0,BACKGROUND_NO_RECORDED_LANDSLIDE,49.0,0.0,N21E094,36.44300079345703
7265,2015-07-22,25.5007,93.9854,Manipur,12.045000076293944,25.55,93.9499969482422,1,RECORDED_LANDSLIDE,1435.0,19.35012885428996,N25E093,41.94200134277344
5268,2013-08-04,26.0137,94.5163,Nāgāland,55.719993591308594,26.05,94.5500030517578,1,RECORDED_LANDSLIDE,1728.0,11.387211682153785,N26E094,39.055999755859375
4384,2012-06-03,25.1775,93.0123,Assam,17.80500030517578,25.15000000000001,93.0500030517578,1,RECORDED_LANDSLIDE,656.0,15.42307118570718,N25E093,39.17399978637695
NEG_20130804_0205,2013-08-04,25.250000000000004,88.44999694824219,NER_BACKGROUND,0.3349999785423279,25.250000000000004,88.44999694824219,0,BACKGROUND_NO_RECORDED_LANDSLIDE,26.0,1.852254273911334,N25E088,28.920000076293945
NEG_20100417_0051,2010-04-17,28.05,96.75,NER_BACKGROUND,14.479997634887695,28.05,96.75,0,BACKGROUND_NO_RECORDED_LANDSLIDE,2227.0,37.14504517250788,N28E096,32.00699996948242
NEG_20110522_0126,2011-05-22,22.05,88.3499984741211,NER_BACKGROUND,0.0,22.05,88.3499984741211,0,BACKGROUND_NO_RECORDED_LANDSLIDE,1.0,0.9994598252012308,N22E088,32.53499984741211
2425,2010-09-13,23.3439,93.0748,Mizoram,19.40500259399414,23.35000000000001,93.0500030517578,1,RECORDED_LANDSLIDE,1334.0,36.63368662586392,N23E093,41.792999267578125
NEG_20130817_0215,2013-08-17,29.950000000000006,89.25,NER_BACKGROUND,0.0049999998882412,29.950000000000006,89.25,0,BACKGROUND_NO_RECORDED_LANDSLIDE,5687.0,31.831320526906,N29E089,24.20400047302246
NEG_20090812_0039,2009-08-12,25.250000000000004,89.25,NER_BACKGROUND,13.079999923706056,25.250000000000004,89.25,0,BACKGROUND_NO_RECORDED_LANDSLIDE,28.0,3.2062223208127336,N25E089,32.78400039672852
126,2007-07-16,27.1499,88.38,Sikkim,45.55499267578125,27.15000000000001,88.3499984741211,1,RECORDED_LANDSLIDE,1107.0,30.203926293037487,N27E088,30.665000915527344
NEG_20150820_0305,2015-08-20,23.85000000000001,88.25,NER_BACKGROUND,21.53999900817871,23.85000000000001,88.25,0,BACKGROUND_NO_RECORDED_LANDSLIDE,19.0,0.0,N23E088,33.60200119018555
NEG_20130815_0211,2013-08-15,21.750000000000004,96.1500015258789,NER_BACKGROUND,0.875,21.750000000000004,96.1500015258789,0,BACKGROUND_NO_RECORDED_LANDSLIDE,75.0,2.7206247830838137,N21E096,40.68999862670898
2182,2010-07-31,24.9356,93.8443,Manipur,0.7049999833106995,24.950000000000006,93.8499984741211,1,RECORDED_LANDSLIDE,853.0,0.926369172997235,N24E093,40.35300064086914
5272,2013-08-04,26.2083,94.5438,Nāgāland,20.505001068115234,26.250000000000004,94.5500030517578,1,RECORDED_LANDSLIDE,1482.0,7.149705606575251,N26E094,39.055999755859375
760,2008-08-29,25.67,94.1066,Nāgāland,9.829998970031738,25.65000000000001,94.1500015258789,1,RECORDED_LANDSLIDE,1447.0,18.41213576563324,N25E094,36.6619987487793
NEG_20120408_0158,2012-04-08,28.250000000000004,90.9499969482422,NER_BACKGROUND,0.1749999970197677,28.250000000000004,90.9499969482422,0,BACKGROUND_NO_RECORDED_LANDSLIDE,4044.0,19.96252169790284,N28E090,14.41800022125244
NEG_20100725_0077,2010-07-25,23.250000000000004,94.4499969482422,NER_BACKGROUND,0.0700000002980232,23.250000000000004,94.4499969482422,0,BACKGROUND_NO_RECORDED_LANDSLIDE,241.0,8.51521093243898,N23E094,32.90599822998047
NEG_20100913_0104,2010-09-13,27.05,95.6500015258789,NER_BACKGROUND,12.960000991821287,27.05,95.6500015258789,0,BACKGROUND_NO_RECORDED_LANDSLIDE,1706.0,16.573198327227505,N27E095,41.59299850463867
NEG_20070910_0016,2007-09-10,25.750000000000004,93.3499984741211,NER_BACKGROUND,1.7349998950958252,25.750000000000004,93.3499984741211,0,BACKGROUND_NO_RECORDED_LANDSLIDE,237.0,5.211314549796946,N25E093,32.62200164794922
2296,2010-08-20,27.167,88.3652,Sikkim,8.955000877380371,27.15000000000001,88.3499984741211,1,RECORDED_LANDSLIDE,1486.0,23.74809153558515,N27E088,29.40800094604492
9124,2016-07-19,25.203,90.5573,Meghalaya,23.19999885559082,25.250000000000004,90.5500030517578,1,RECORDED_LANDSLIDE,145.0,16.68948805959749,N25E090,37.22999954223633
NEG_20130816_0214,2013-08-16,25.55,96.1500015258789,NER_BACKGROUND,33.355003356933594,25.55,96.1500015258789,0,BACKGROUND_NO_RECORDED_LANDSLIDE,262.0,6.457665776341533,N25E096,40.07799911499024
9232,2016-07-28,23.5397,93.3783,Mizoram,12.25,23.55,93.3499984741211,1,RECORDED_LANDSLIDE,1569.0,10.138358485391878,N23E093,37.1609992980957
6286,2014-09-22,26.1044,91.7082,Assam,170.47999572753906,26.15000000000001,91.75,1,RECORDED_LANDSLIDE,53.0,2.119791324560513,N26E091,40.30199813842773
251,2007-09-09,27.1667,88.35,Sikkim,5.889999866485596,27.15000000000001,88.3499984741211,1,RECORDED_LANDSLIDE,1155.0,24.48993370133901,N27E088,31.729999542236328
8224,2015-09-14,23.7313,92.7187,Mizoram,41.88999938964844,23.750000000000004,92.75,1,RECORDED_LANDSLIDE,1032.0,15.805360539732332,N23E092,38.5009994506836
NEG_20140924_0250,2014-09-24,25.35000000000001,92.75,NER_BACKGROUND,16.264999389648438,25.35000000000001,92.75,0,BACKGROUND_NO_RECORDED_LANDSLIDE,795.0,16.94082291092739,N25E092,41.4379997253418
NEG_20081029_0037,2008-10-29,27.65000000000001,97.8499984741211,NER_BACKGROUND,0.0,27.65000000000001,97.8499984741211,0,BACKGROUND_NO_RECORDED_LANDSLIDE,955.0,38.633262227535965,N27E097,38.2599983215332
7276,2015-07-25,26.1062,91.8717,Assam,0.0,26.15000000000001,91.8499984741211,1,RECORDED_LANDSLIDE,248.0,6.166308477023598,N26E091,34.724998474121094
4408,2012-06-13,25.5498,92.0757,Meghālaya,0.6899999976158142,25.55,92.0500030517578,1,RECORDED_LANDSLIDE,1273.0,24.802602340897124,N25E092,34.12799835205078
NEG_20160728_0346,2016-07-28,25.450000000000006,90.05000305175781,NER_BACKGROUND,16.345001220703125,25.450000000000006,90.05000305175781,0,BACKGROUND_NO_RECORDED_LANDSLIDE,116.0,9.55378926516346,N25E090,32.571998596191406
NEG_20150816_0296,2015-08-16,30.250000000000004,91.3499984741211,NER_BACKGROUND,6.259999752044678,30.250000000000004,91.3499984741211,0,BACKGROUND_NO_RECORDED_LANDSLIDE,4680.0,40.97278057879355,N30E091,32.749000549316406
NEG_20110629_0134,2011-06-29,29.950000000000006,89.44999694824219,NER_BACKGROUND,3.289999961853028,29.950000000000006,89.44999694824219,0,BACKGROUND_NO_RECORDED_LANDSLIDE,4823.0,20.106579486908604,N29E089,36.14400100708008
NEG_20160711_0335,2016-07-11,28.950000000000006,97.5500030517578,NER_BACKGROUND,1.3949999809265137,28.950000000000006,97.5500030517578,0,BACKGROUND_NO_RECORDED_LANDSLIDE,3726.0,31.884503245451167,N28E097,29.621000289916992
NEG_20110818_0154,2011-08-18,25.65000000000001,97.25,NER_BACKGROUND,0.2849999964237213,25.65000000000001,97.25,0,BACKGROUND_NO_RECORDED_LANDSLIDE,346.0,13.156326372243775,N25E097,31.059999465942383
6287,2014-09-22,26.1295,91.7056,Assam,170.47999572753906,26.15000000000001,91.75,1,RECORDED_LANDSLIDE,145.0,5.55400861892472,N26E091,40.30199813842773
NEG_20130830_0216,2013-08-30,22.55,90.1500015258789,NER_BACKGROUND,10.06999969482422,22.55,90.1500015258789,0,BACKGROUND_NO_RECORDED_LANDSLIDE,5.0,2.952225503630113,N22E090,35.86800003051758
NEG_20130816_0212,2013-08-16,27.450000000000006,88.3499984741211,NER_BACKGROUND,2.6050000190734863,27.450000000000006,88.3499984741211,0,BACKGROUND_NO_RECORDED_LANDSLIDE,2412.0,41.455030753446806,N27E088,28.104999542236328
4905,2013-06-07,26.0977,94.7031,Nāgāland,9.625,26.05,94.75,1,RECORDED_LANDSLIDE,1704.0,27.369455013928143,N26E094,35.6870002746582
NEG_20110322_0125,2011-03-22,22.875,90.375,NER_BACKGROUND,0.0,22.875,90.375,0,BACKGROUND_NO_RECORDED_LANDSLIDE,8.0,0.0,N22E090,26.801000595092773
NEG_20120602_0160,2012-06-02,23.450000000000006,95.75,NER_BACKGROUND,1.4149998426437378,23.450000000000006,95.75,0,BACKGROUND_NO_RECORDED_LANDSLIDE,285.0,7.121000758253199,N23E095,38.67300033569336
1929,2010-05-31,27.3543,88.6428,Sikkim,1.3949999809265137,27.35000000000001,88.6500015258789,1,RECORDED_LANDSLIDE,2119.0,16.813128021329533,N27E088,26.94599914550781
NEG_20101122_0124,2010-11-22,24.15000000000001,93.9499969482422,NER_BACKGROUND,0.0,24.15000000000001,93.9499969482422,0,BACKGROUND_NO_RECORDED_LANDSLIDE,1178.0,26.43785628196662,N24E093,31.232999801635746
NEG_20130811_0210,2013-08-11,22.875,88.875,NER_BACKGROUND,32.9849967956543,22.875,88.875,0,BACKGROUND_NO_RECORDED_LANDSLIDE,3.0,0.0,N22E088,42.551998138427734
6293,2014-10-20,25.5006,90.0896,Meghalaya,0.0,25.55,90.05000305175781,1,RECORDED_LANDSLIDE,47.0,4.806912083386269,N25E090,27.93899917602539
285,2007-09-29,24.1293,92.6921,Mizoram,13.450000762939451,24.15000000000001,92.6500015258789,1,RECORDED_LANDSLIDE,826.0,12.81474088364528,N24E092,33.9630012512207
7956,2015-09-05,26.048,91.8695,Meghalaya,12.809999465942385,26.05,91.8499984741211,1,RECORDED_LANDSLIDE,75.0,12.284413866136306,N26E091,34.44300079345703
NEG_20100916_0109,2010-09-16,23.05,89.75,NER_BACKGROUND,0.7799999713897705,23.05,89.75,0,BACKGROUND_NO_RECORDED_LANDSLIDE,11.0,1.3679577237801186,N23E089,34.50600051879883
4382,2012-06-03,25.1175,92.8573,Assam,21.35999870300293,25.15000000000001,92.8499984741211,1,RECORDED_LANDSLIDE,154.0,8.522096262869733,N25E092,39.97600173950195
7370,2015-08-01,24.1419,94.1078,Manipur,4.019999980926514,24.15000000000001,94.1500015258789,1,RECORDED_LANDSLIDE,1175.0,33.37106500187469,N24E094,42.492000579833984
4990,2013-06-27,27.3765,88.7628,Sikkim,9.690000534057615,27.35000000000001,88.75,1,RECORDED_LANDSLIDE,3762.0,12.964867886244122,N27E088,26.21500015258789
NEG_20080829_0035,2008-08-29,22.55,94.1500015258789,NER_BACKGROUND,2.8349997997283936,22.55,94.1500015258789,0,BACKGROUND_NO_RECORDED_LANDSLIDE,212.0,12.827804171572923,N22E094,29.0049991607666
NEG_20100609_0063,2010-06-09,23.15000000000001,92.4499969482422,NER_BACKGROUND,0.0350000001490116,23.15000000000001,92.4499969482422,0,BACKGROUND_NO_RECORDED_LANDSLIDE,89.0,2.216818378307205,N23E092,33.32899856567383
NEG_20110717_0141,2011-07-17,24.65000000000001,88.1500015258789,NER_BACKGROUND,5.394999504089356,24.65000000000001,88.1500015258789,0,BACKGROUND_NO_RECORDED_LANDSLIDE,20.0,4.173888678353892,N24E088,33.391998291015625
9219,2016-07-26,26.0101,94.5282,Nagaland,2.944999933242798,26.05,94.5500030517578,1,RECORDED_LANDSLIDE,1711.0,14.964338094507506,N26E094,39.46500015258789
7836,2015-08-27,24.042,92.6724,Mizoram,11.854999542236328,24.05,92.6500015258789,1,RECORDED_LANDSLIDE,811.0,6.133310012526581,N24E092,35.96900177001953
NEG_20150828_0311,2015-08-28,29.250000000000004,89.75,NER_BACKGROUND,10.1899995803833,29.250000000000004,89.75,0,BACKGROUND_NO_RECORDED_LANDSLIDE,4392.0,23.270195742800297,N29E089,28.6299991607666
3637,2011-06-21,25.51614662,94.2341227,Nāgāland,37.40499877929688,25.55,94.25,1,RECORDED_LANDSLIDE,1649.0,20.17083508931048,N25E094,41.803001403808594
NEG_20150901_0313,2015-09-01,21.125,92.625,NER_BACKGROUND,110.1850128173828,21.125,92.625,0,BACKGROUND_NO_RECORDED_LANDSLIDE,198.0,0.0,N21E092,40.49700164794922
2415,2010-09-12,25.63961883,94.11112157,Nāgāland,2.1150002479553223,25.65000000000001,94.1500015258789,1,RECORDED_LANDSLIDE,1502.0,15.083960818078218,N25E094,39.04600143432617
NEG_20070929_0022,2007-09-29,28.85000000000001,90.4499969482422,NER_BACKGROUND,0.0,28.85000000000001,90.4499969482422,0,BACKGROUND_NO_RECORDED_LANDSLIDE,4455.0,19.170465684430965,N28E090,25.114999771118164
2263,2010-08-17,26.2753,94.6654,Nāgāland,1.274999976158142,26.250000000000004,94.6500015258789,1,RECORDED_LANDSLIDE,1152.0,30.949579012722413,N26E094,37.23400115966797
NEG_20100916_0108,2010-09-16,23.65000000000001,89.44999694824219,NER_BACKGROUND,4.46999979019165,23.65000000000001,89.44999694824219,0,BACKGROUND_NO_RECORDED_LANDSLIDE,11.0,1.3713163419042376,N23E089,42.04800033569336
8237,2016-07-01,27.0136,92.6351,Arunachal Pradesh,46.51499938964844,27.05,92.6500015258789,1,RECORDED_LANDSLIDE,225.0,4.832634573500187,N27E092,38.9370002746582
5343,2013-08-17,24.7625,93.4341,Assam,16.209999084472656,24.750000000000004,93.4499969482422,1,RECORDED_LANDSLIDE,663.0,36.59719885359989,N24E093,43.31999969482422
NEG_20101009_0116,2010-10-09,26.35000000000001,95.0500030517578,NER_BACKGROUND,2.635000467300415,26.35000000000001,95.0500030517578,0,BACKGROUND_NO_RECORDED_LANDSLIDE,2179.0,38.95484828131659,N26E095,41.277000427246094
2574,2010-10-09,25.4749,93.1477,Assam,0.0,25.450000000000006,93.1500015258789,1,RECORDED_LANDSLIDE,151.0,3.5885571438036794,N25E093,41.48799896240234
NEG_20150624_0264,2015-06-24,26.05,93.9499969482422,NER_BACKGROUND,20.850000381469727,26.05,93.9499969482422,0,BACKGROUND_NO_RECORDED_LANDSLIDE,137.0,1.0310979379491647,N26E093,34.79600143432617
269,2007-09-18,27.2872,88.2816,Sikkim,27.04500198364257,27.250000000000004,88.25,1,RECORDED_LANDSLIDE,575.0,20.504325237480952,N27E088,32.0260009765625
2042,2010-07-06,26.0093,94.5238,Nāgāland,1.5800001621246338,26.05,94.5500030517578,1,RECORDED_LANDSLIDE,1814.0,20.62758173058563,N26E094,38.33599853515625
2420,2010-09-13,23.72988966,92.71495623,Mizoram,37.53999328613281,23.750000000000004,92.75,1,RECORDED_LANDSLIDE,986.0,23.342694612103696,N23E092,37.297000885009766
7266,2015-07-22,25.5098,93.8794,Manipur,12.26999855041504,25.55,93.8499984741211,1,RECORDED_LANDSLIDE,1650.0,15.451697691723982,N25E093,41.94200134277344
NEG_20100814_0085,2010-08-14,27.35000000000001,91.9499969482422,NER_BACKGROUND,1.804999828338623,27.35000000000001,91.9499969482422,0,BACKGROUND_NO_RECORDED_LANDSLIDE,3841.0,24.69136096808278,N27E091,29.697999954223636
2422,2010-09-13,23.74182634,92.7141905,Mizoram,37.53999328613281,23.750000000000004,92.75,1,RECORDED_LANDSLIDE,931.0,14.76547201733368,N23E092,37.297000885009766
